,Unnamed: 0,Index,Price,Units_Sold,Stock_Quantity,COGS,Avg_Inventory,Reorder_Point,Lead_Time_Days,Inventory_Turnover_Ratio,Days_Sales_Inventory,Month,Quarter,Is_Weekend,Is_Holiday,Promotion_Active,Seasonality_Flag,Day,Company_Hyundai India,Company_Maruti Suzuki,Company_Tata Motors,Car_Model_Alcazar,Car_Model_Baleno,Car_Model_Brezza,Car_Model_Creta,Car_Model_Dzire,Car_Model_Ertiga,Car_Model_Grand Vitara,Car_Model_Harrier,Car_Model_Nexon,Car_Model_Nexon EV,Car_Model_Safari,Car_Model_Swift,Car_Model_Tiago,Car_Model_Tigor,Car_Model_Tucson,Car_Model_Venue,Car_Model_Verna,Car_Model_i20,Car_Type_Compact SUV,Car_Type_Electric SUV,Car_Type_Hatchback,Car_Type_MPV,Car_Type_Premium Hatchback,Car_Type_Premium SUV,Car_Type_SUV,Car_Type_Sedan,Day_of_Week_Friday,Day_of_Week_Monday,Day_of_Week_Saturday,Day_of_Week_Sunday,Day_of_Week_Thursday,Day_of_Week_Tuesday,Day_of_Week_Wednesday,Region_Central,Region_East,Region_North,Region_South,Region_West,Season_Festive,Season_Monsoon,Season_Summer,Season_Winter
Unnamed: 0,1.0,1.0,0.16969946239295658,-0.02892811690812143,-0.102430406332866,0.002665729819691781,-0.14756096131692564,-0.09914190270195265,0.1532469505255768,0.07787387016190508,-0.09502195875602096,0.16556714150531557,0.16083994973027854,0.00024390110782768776,0.006742484791728067,0.021767723050765332,0.043606521773483856,0.01599654533548171,0.8164965810220476,-7.312888879864846e-18,-0.8164965810220439,0.2801517952294848,9.577839153144738e-05,-3.1926130510488585e-05,0.28002409070744305,-9.577839153145104e-05,3.192613051048141e-05,0.00015963065255240321,-0.28002409070744455,-0.2800879429684658,-0.2798963861854021,-0.2799602384464234,-0.00015963065255241753,-0.28021564749050737,-0.2801517952294861,0.28021564749050615,0.28008794296846373,0.2799602384464217,0.2798963861854008,-1.9622958640186597e-05,-0.2798963861854021,-0.0002943443795889101,0.00013736071047631333,9.577839153144738e-05,0.28021564749050615,9.811479319793588e-05,-0.00017660662775590525,0.00032166580478891786,-6.780883651693114e-16,0.0009649974143635009,-0.0006469332521843201,-0.0003216658047875615,0.0006469332521836054,-0.0009649974143606442,5.2653923329026096e-05,2.0683336356584748e-15,-5.2653923322175457e-05,-2.6326961659710642e-05,2.6326961665275632e-05,0.08554775770776431,0.03298408492138355,-0.0710017318875754,-0.03854979601938385
Index,1.0,1.0,0.16969946239295658,-0.02892811690812143,-0.102430406332866,0.002665729819691781,-0.14756096131692564,-0.09914190270195265,0.1532469505255768,0.07787387016190508,-0.09502195875602096,0.16556714150531557,0.16083994973027854,0.00024390110782768776,0.006742484791728067,0.021767723050765332,0.043606521773483856,0.01599654533548171,0.8164965810220476,-7.312888879864846e-18,-0.8164965810220439,0.2801517952294848,9.577839153144738e-05,-3.1926130510488585e-05,0.28002409070744305,-9.577839153145104e-05,3.192613051048141e-05,0.00015963065255240321,-0.28002409070744455,-0.2800879429684658,-0.2798963861854021,-0.2799602384464234,-0.00015963065255241753,-0.28021564749050737,-0.2801517952294861,0.28021564749050615,0.28008794296846373,0.2799602384464217,0.2798963861854008,-1.9622958640186597e-05,-0.2798963861854021,-0.0002943443795889101,0.00013736071047631333,9.577839153144738e-05,0.28021564749050615,9.811479319793588e-05,-0.00017660662775590525,0.00032166580478891786,-6.780883651693114e-16,0.0009649974143635009,-0.0006469332521843201,-0.0003216658047875615,0.0006469332521836054,-0.0009649974143606442,5.2653923329026096e-05,2.0683336356584748e-15,-5.2653923322175457e-05,-2.6326961659710642e-05,2.6326961665275632e-05,0.08554775770776431,0.03298408492138355,-0.0710017318875754,-0.03854979601938385
Price,0.16969946239295658,0.16969946239295658,1.0,-0.4511169664698933,-0.06403040497557617,0.13657451471076745,-0.09494489044421822,-0.06315600048015856,0.0996498998659429,0.14531116627670168,-0.14519096408933407,-0.00045810102908384334,-0.0003676978804652557,-0.0003482521143093762,-8.534607407067529e-05,0.012126000473428173,-0.007306602787336204,-0.00023003246791616528,0.2950320673847589,-0.2789368427696729,-0.016095224615086206,0.1968251712605328,-0.17784901108331488,-0.023693838141494887,-0.0018041126380550717,-0.1909062746551062,-0.08985741821635178,0.13024425250683921,0.1739916322637024,-0.11169490582077245,0.152244507999726,0.21822449882791692,-0.22198499695997692,-0.26601425168950454,-0.19987518056952475,0.7692779590475154,-0.1557556289895219,-0.023864648315101204,-0.17750775482750475,-0.17894789932798005,0.152244507999726,-0.4090447603463881,0.19987496155346343,-0.17784901108331488,0.7692779590475154,0.1858855445648885,-0.25485654570852045,0.0005246595616572334,0.0003496016350242441,-0.0003715850911849904,-7.855642319736945e-05,0.0001554897819356335,-0.0002466519249157759,-0.0003330549806916529,0.0006180683260471935,-0.0004033977098048294,-7.334834072267122e-05,-0.00025090540590106043,0.00010958313038380771,-0.0004922253262075077,-0.00014501706420371206,0.0002586766013103212,0.0003235760381933174
Units_Sold,-0.02892811690812143,-0.02892811690812143,-0.4511169664698933,1.0,0.02788599148189137,0.703137220235181,0.03763850143745452,0.027563149201551812,-0.039074363478074886,0.5165618356528615,-0.4306179226581964,0.06676547403480657,0.09322544080401796,-0.003932290940666515,0.040875751528348686,-0.0059766462292983585,0.35311668800971274,0.0005801603680014901,-0.09684696795334252,0.1163376345284857,-0.01949066657514298,-0.18467129499788965,0.05931990824983737,0.12285166030290448,0.21420553881448462,0.01919791664993901,-0.09508657517103192,-0.12575199237284398,-0.027052946107742337,0.16779408278334024,-0.03447182880646341,-0.18176218733924063,0.2588899589867352,0.16105969600430156,-0.1256782774276502,-0.31860871774361577,0.0666361165606078,-0.08322899970082369,0.10635794131515143,0.219598399253228,-0.03447182880646341,0.32348775215705666,-0.2836669792085912,0.05931990824983737,-0.31860871774361577,0.03773903763219074,-0.11660225885976466,0.0024964171541447438,-0.0044833804081660395,-0.0018262394154091581,-0.003247108723267688,0.0026345211979003228,0.0012956309032993683,0.0031558639630781676,-0.0020168828427579717,0.004058792038625047,-0.002543039302708955,-0.00033589587185423714,0.0008370259786957049,0.278581041848692,-0.266164540693068,0.048340325005392155,0.001521541897426776
Stock_Quantity,-0.102430406332866,-0.102430406332866,-0.06403040497557617,0.02788599148189137,1.0,-0.0026428637965722115,0.7378667886504084,0.03722661431853107,-0.05777604912379359,-0.38639253325925915,0.2729807358836451,-0.005190752090692293,-0.004807001404014216,-0.0022592221772223357,-0.003994223368782032,-0.007701664743824554,-0.0062049421579506,-0.0039384324654867875,-0.16708494370508623,0.14691532685977224,0.020169616845314296,-0.06017591710424522,0.05266902488733116,0.04347266521473552,-0.05374557231829763,0.044882840633458446,0.055143279342518975,0.052194766534168754,0.01300693071483016,0.009913128298910662,0.0011713400407826562,0.007639286879638157,0.05398667169418768,0.0048033833606233875,0.004974659727269878,-0.062301712744531966,-0.05744179505828383,-0.053140789561586965,-0.05705219054150972,-0.002492965770642202,0.0011713400407826562,0.0010681546094086043,0.0016021411618099102,0.05266902488733116,-0.062301712744531966,0.007041350207127019,-0.0020180287168976075,-0.0038077879423181827,0.0016556699143940334,0.0005520136071707046,-0.0034604373868318025,-0.006902623531322594,0.007428037875721694,0.004512664758677936,-0.0017223202879203166,-0.004498266956776669,0.0011460715041324771,0.004345010980589434,0.0007295047599736125,-0.006023029150758812,0.0011829156918048123,0.001984787381823999,0.00191525823927218
COGS,0.002665729819691781,0.002665729819691781,0.13657451471076745,0.703137220235181,-0.0026428637965722115,1.0,-0.0075456507476024375,-0.0027739637706760975,0.011270664757700338,0.7582911982770769,-0.5615599686261757,0.0661421166103762,0.09289502221499565,-0.005495386130795234,0.041955483165661944,-0.002225337396679529,0.3478582997410154,-0.0012949893480654927,0.01129390091239989,-0.04497446001082057,0.03368055909842018,-0.035991898369073246,-0.07229145157391566,0.18198694976031932,0.2873192174488019,-0.11809943308930382,-0.115246708312825,0.025273803009932587,0.19605171871176094,0.08858115425811078,0.1635107973727736,-0.012780388525500331,0.0058201650929432976,-0.12903732371041218,-0.23701193932047832,-0.05558997985304057,-0.05666237406874071,-0.06246233278662915,-0.05336997604472282,0.13147422579605456,0.1635107973727736,-0.1085368625736034,-0.10081202787700907,-0.07229145157391566,-0.05558997985304057,0.31263151905002956,-0.2566559559503251,0.004206496476234485,-0.006809879791560175,-0.0057167793500057405,-0.001385828013572419,0.005694978753263433,-0.00025249125307632566,0.004297250337478827,-0.003527013436550876,0.0045039729979604514,-0.0004358071434764444,-0.0006904287875646034,0.00014927636963145847,0.2803103206020563,-0.26805338327809564,0.05533176131529731,-0.004938641606810508
Avg_Inventory,-0.14756096131692564,-0.14756096131692564,-0.09494489044421822,0.03763850143745452,0.7378667886504084,-0.0075456507476024375,1.0,0.04796452478187125,-0.08142144498810136,-0.5237501047418957,0.37212286339396455,-0.005533851588679285,-0.0038966535175701342,0.0030257292401848507,-9.341251753597042e-05,-0.00953158634233834,-0.002393296812017342,-4.9057652989039584e-05,-0.24702172307218825,0.22534199050120807,0.021679732570979826,-0.08653556659552102,0.08201010922031894,0.07100282932762589,-0.08284443106813766,0.07712939675815314,0.07797075336016367,0.07636964330483281,0.011066020090247538,0.010226773914496121,0.004674945901897203,0.005276417385775966,0.07926725855874733,0.008564461497647311,0.004807902756228192,-0.08765831336542845,-0.0838644704267628,-0.08266363788526446,-0.08480009273501965,-0.0016194850098573642,0.004674945901897203,0.0018633481911574036,-0.0020211674485594152,0.08201010922031894,-0.08765831336542845,0.002821938036800274,-0.0004464339267592293,-0.00023716655336826896,-0.0037525299605754288,0.005795036379915274,-0.0018738467497832851,-0.004451912917321075,0.006206007235296783,-0.0016879028250803272,0.0013290751412877398,-0.0010171098801909047,-0.004164961830368814,0.003672037381143747,0.00018095918812605714,-0.0013703560907491808,-0.0006834592496753037,0.0017285835463216334,0.00019248154836833822
Reorder_Point,-0.09914190270195265,-0.09914190270195265,-0.06315600048015856,0.027563149201551812,0.03722661431853107,-0.0027739637706760975,0.04796452478187125,1.0,-0.048977660582636987,-0.023088105871962913,0.017458355232651063,-0.004765930606307404,-0.004266012937917555,-0.006352471929822404,0.003412041706991179,-0.00480180297525137,0.005746437458286666,0.001225294106304441,-0.1592133528622825,0.13761111624980238,0.021602236612481618,-0.054020752727572424,0.043813843968279524,0.03945765268812432,-0.05460195736051225,0.046343392116338256,0.049978480192415665,0.04896051904470311,0.008595800417689833,0.009480687314807423,0.009208851879831727,-0.00026557980781657085,0.054647452830806915,0.01026207201701808,0.007175204357921168,-0.05917880167156779,-0.05253532562264187,-0.05410833150787835,-0.05321320812994559,-0.002210837922210784,0.009208851879831727,0.007188980797804079,-0.0026477624127664127,0.043813843968279524,-0.05917880167156779,0.0018158581827487606,-0.00036247255736463895,0.007694340330458419,0.0036614282185639035,-0.002846164674781356,-0.005349229331659326,-6.057165174528944e-05,-0.0029691677660437597,-0.00011203240638782849,0.00466611790851327,-0.005208674611164938,-0.006371947445420402,0.002586425769780242,0.004328078378290368,0.0021546853076429276,-0.009044282446849645,0.0061594497362273655,0.0018264959910013344
Lead_Time_Days,0.1532469505255768,0.1532469505255768,0.0996498998659429,-0.039074363478074886,-0.05777604912379359,0.011270664757700338,-0.08142144498810136,-0.048977660582636987,1.0,0.04669920396551761,-0.03778918000675214,0.004585853963630299,0.004295321410128134,0.005012497885756023,0.0019131174650770123,0.012835010707525204,0.006901728025629756,-0.0006543991261147298,0.25228656805514754,-0.22088845293382126,-0.031398115121325884,0.08920517075093948,-0.07338286042354608,-0.08028215874148971,0.09334112806279868,-0.07268749807339106,-0.0779316891308096,-0.07287220369765136,-0.0028905021765968327,-0.014588525046389716,-0.012075079884892547,-0.012404652665434729,-0.07742827576272848,-0.015410646158291472,-0.007247381901785965,0.09303328535569849,0.07926366215106861,0.08145115621093085,0.08290707113156781,-0.009592641988433258,-0.012075079884892547,-0.006104475993102974,-0.0006952587827321464,-0.07338286042354608,0.09303328535569849,0.010804336323760454,0.000931958411004603,-0.00692349651085961,0.002946104236079285,0.0033000597673624736,0.003170813545697418,-0.009341052908357792,0.0030454494045417395,0.0037655224922249417,-0.00564990176249862,-0.0004255780932618036,0.006787680232107985,0.002260209581078103,-0.002972409957423392,0.005461847236306226,-0.0021093564077637517,-0.0010983785481536393,-0.0013095551817964286
Inventory_Turnover_Ratio,0.07787387016190508,0.07787387016190508,0.14531116627670168,0.5165618356528615,-0.38639253325925915,0.7582911982770769,-0.5237501047418957,-0.023088105871962913,0.04669920396551761,1.0,-0.5974224957228449,0.05187662387683726,0.07136954178729651,-0.002806618983518004,0.03316037596411883,0.0034944612387440943,0.26454192684159,-0.001980857315396087,0.12541696045152864,-0.12979844403057206,0.00438148357904218,0.01334506009210114,-0.08528322422697604,0.09511352431170782,0.2777503944618235,-0.11547207017936723,-0.11321778862378028,-0.015213638280293717,0.13496229152862466,0.059568491000376755,0.11583354922358673,-0.012420852991655462,-0.0330497970605962,-0.10635470710749,-0.1825717528378804,-0.0016169552733216097,-0.009683927049885445,-0.014946398507136109,-0.006742198479849933,0.08912108806372149,0.11583354922358673,-0.08982706815662707,-0.06901971114153489,-0.08528322422697604,-0.0016169552733216097,0.24431734280635586,-0.19237515080280235,0.002689758352422855,-0.002752569984798145,-0.004949716579950247,0.0013141761926590435,0.00639909314357956,-0.007117481829337293,0.004450917988767418,-0.0035245844047659828,0.006998844780714758,-0.0010623134074883268,-0.0015528003684266293,-0.000859146600032759,0.21280160486398886,-0.20279157787447263,0.04228125386194857,-0.004796347752685044
Days_Sales_Inventory,-0.09502195875602096,-0.09502195875602096,-0.14519096408933407,-0.4306179226581964,0.2729807358836451,-0.5615599686261757,0.37212286339396455,0.017458355232651063,-0.03778918000675214,-0.5974224957228449,1.0,-0.016347535431870612,-0.030941164765398647,0.0015112710978263807,-0.023521610360571373,-0.00010210871273702522,-0.20692598531571846,0.004179490254152467,-0.12406374155256347,0.08397065012313934,0.04009309142942516,-0.014618463892773317,0.04372558552204647,-0.07880379033969867,-0.1590010879452294,0.09224254534167357,0.10901044646913612,0.015412572142888667,-0.09275413431049634,-0.058118797555408955,-0.07852890671465652,0.0055854825476971326,-0.008777186860664194,0.05767592949284719,0.24865132798964354,-0.051727753273223646,-0.015649277486674724,0.0023555999534697588,-0.01668009108057622,-0.09377620638796492,-0.07852890671465652,0.01980275268893779,0.061449778962581005,0.04372558552204647,-0.051727753273223646,-0.14526477132464674,0.21097358525943333,-0.0033859783721901624,0.0008761591296429752,-0.0016736329887301548,0.003613987563413821,-0.00230449707737328,0.002940751063306216,-9.647276712235115e-05,0.0012829166527041267,-0.0042658946366003385,0.007776206459337318,-0.0044233077228218376,-0.00036992075262057126,-0.14911377359133263,0.1792742471885161,-0.05089400865636065,-0.01587030363681878
Month,0.16556714150531557,0.16556714150531557,-0.00045810102908384334,0.06676547403480657,-0.005190752090692293,0.0661421166103762,-0.005533851588679285,-0.004765930606307404,0.004585853963630299,0.05187662387683726,-0.016347535431870612,1.0,0.9714262484737947,0.008209954848040673,0.0379318160515073,-0.0006142521914456521,0.19796998743633312,0.009157081161824523,5.46163235822128e-15,-4.425448329884319e-15,-1.4582278410661394e-15,2.2100927895112698e-15,-1.405755770152359e-15,-1.6337586479937287e-15,1.9376752782523177e-15,-1.6262538745063889e-15,-1.300782911174108e-15,-1.6002028708073208e-15,-1.5012216572527326e-16,8.49476715553667e-17,9.206481943429349e-17,-2.273525638041198e-16,-1.57983917837654e-15,6.2180273216791695e-18,-1.2483039565589797e-18,1.990537587119296e-15,1.956178794898384e-15,1.7302795601660156e-15,1.7293815074479098e-15,-4.0444533390628105e-17,9.206481943429349e-17,6.611370512973867e-17,-6.702863290791073e-17,-1.405755770152359e-15,1.990537587119296e-15,8.380449661672355e-17,-2.550942036091314e-16,0.0033342769575716085,-0.005181828766720184,0.006739991614280948,0.003863942763959948,-0.0012066759180407404,-0.002920385884050022,-0.004612390574749536,4.686354766128846e-16,3.037329862854657e-16,4.2429180591935335e-16,3.9860872674884863e-16,2.771008561894234e-16,0.5153643725026205,0.20112529497117035,-0.42366729599496156,-0.23896865866586942
Quarter,0.16083994973027854,0.16083994973027854,-0.0003676978804652557,0.09322544080401796,-0.004807001404014216,0.09289502221499565,-0.0038966535175701342,-0.004266012937917555,0.004295321410128134,0.07136954178729651,-0.030941164765398647,0.9714262484737947,1.0,0.005222492613071583,0.051404723682747046,-0.0009586108843911258,0.27526907654044647,0.010837851564230807,1.0866323994088148e-14,-1.446489027908201e-15,-9.645391701555627e-15,3.5867093683026375e-15,-6.423347459940446e-16,-7.026576761108453e-16,3.6060016624635e-15,-8.075360891281779e-16,-5.748211940414752e-16,-8.47220904401275e-16,-3.4918005773308583e-15,-3.2743479316168347e-15,-3.2910186363152727e-15,-3.54283956991414e-15,-9.10088778956911e-16,-3.3621155491551697e-15,-3.31643593924214e-15,3.947169265914443e-15,3.6191928479194636e-15,3.664778505868101e-15,3.4159220039876605e-15,-3.5624393924385386e-17,-3.2910186363152727e-15,7.291836472248795e-17,-7.659893073111271e-17,-6.423347459940446e-16,3.947169265914443e-15,9.243357061958245e-17,-2.3432835612303363e-16,-0.0027423370080726732,-0.0010123467212039472,0.004266922967106505,0.002478339378795663,-0.0027423370080728975,0.0024783393787957105,-0.0027423370080726307,4.4410564497089e-16,3.0945735618612434e-16,4.3181048885874016e-16,3.942737340400724e-16,2.688567232206713e-16,0.5978211221563984,0.156196416898232,-0.4383262369093339,-0.2463774584852622
Is_Weekend,0.00024390110782768776,0.00024390110782768776,-0.0003482521143093762,-0.003932290940666515,-0.0022592221772223357,-0.005495386130795234,0.0030257292401848507,-0.006352471929822404,0.005012497885756023,-0.002806618983518004,0.0015112710978263807,0.008209954848040673,0.005222492613071583,1.0,-0.05044750294480759,-0.0008735979244739459,-0.009418744637706712,0.0002093428409477936,-1.0814949151211864e-15,-6.205910256569614e-16,1.6955409152082261e-15,-3.6913429187253556e-16,-2.1117328056249847e-16,-2.1190494480645946e-16,-3.7112649743930935e-16,-2.1161554000801213e-16,-2.1273851214846448e-16,-2.168431689377044e-16,5.811864866556724e-16,5.857079271159156e-16,5.795947602642141e-16,5.813750073870547e-16,-2.1109175808406238e-16,5.859687990469092e-16,5.867524338708719e-16,-3.719381556152355e-16,-3.713995977420687e-16,-3.7052526916084526e-16,-3.700605910337615e-16,3.038343461681948e-18,5.795947602642141e-16,-1.0866884984576762e-18,1.7994559400973436e-18,-2.1117328056249847e-16,-3.719381556152355e-16,-1.3522538721441609e-18,3.5087198664898585e-18,-0.25770378116168824,-0.2591465159891107,0.6436429366813554,0.647246322231176,-0.25770378116168935,-0.25914651598910937,-0.25770378116168885,4.343958987302002e-18,-2.002749495489048e-18,-9.220117141237452e-20,8.58988128601362e-19,4.631649984177337e-18,-0.007153011300425671,0.0079484196963257,-0.004237132068630732,0.0017559900995960105
Is_Holiday,0.006742484791728067,0.006742484791728067,-8.534607407067529e-05,0.040875751528348686,-0.003994223368782032,0.041955483165661944,-9.341251753597042e-05,0.003412041706991179,0.0019131174650770123,0.03316037596411883,-0.023521610360571373,0.0379318160515073,0.051404723682747046,-0.05044750294480759,1.0,0.009009770813669693,0.11594070376064099,0.03736327873983531,2.1150446975357106e-16,1.1804419805742038e-16,-3.7286867451144584e-16,4.446522115592533e-17,3.747096056633245e-17,3.340768282725451e-17,3.482073604177339e-17,3.085748341788045e-17,4.3251600732793875e-17,2.26730650864958e-17,-8.366633395713892e-17,-8.386038620882077e-17,-8.579455792467399e-17,-9.043805189628044e-17,4.1570049766402546e-17,-9.903456664578207e-17,-9.014864942456771e-17,5.197354380133708e-17,3.537572548158316e-17,3.5262381325487223e-17,5.813770178157673e-17,2.2953269083546164e-17,-8.579455792467399e-17,1.0629698055346818e-17,1.1640470290203484e-17,3.747096056633245e-17,5.197354380133708e-17,-4.579810947852154e-18,-4.8437263758334176e-18,0.051722596656012775,0.02695228543612681,-0.044300814532674024,-0.020868395762438,0.003710891061669426,-0.020868395762437947,0.0037108910616694495,2.073304273829761e-17,-1.6424232519258333e-18,3.218979856031782e-17,1.449611773353704e-17,2.6360802273190314e-17,0.10484825968092992,-0.08315011733739104,0.018661748325394904,-0.018498597768083287
Promotion_Active,0.021767723050765332,0.021767723050765332,0.012126000473428173,-0.0059766462292983585,-0.007701664743824554,-0.002225337396679529,-0.00953158634233834,-0.00480180297525137,0.012835010707525204,0.0034944612387440943,-0.00010210871273702522,-0.0006142521914456521,-0.0009586108843911258,-0.0008735979244739459,0.009009770813669693,1.0,-0.00017190108669492584,-0.0008779240713080802,0.03612954423564581,-0.032857608469410673,-0.003271935766235212,0.00990280056757121,-0.014138954681074869,-0.01271636561310765,0.009760541660774379,-0.011009258731546902,-0.007879562782018859,-0.013143142333497806,0.0017940428801597526,-0.0064569737140502325,-0.003754054484912524,-0.0024737243237419326,-0.008733116222799169,-0.0013356530693681616,0.0054927744568747695,0.013174755423895922,0.013174755423895875,0.01815381716178111,0.010187318381164608,-0.003686947398461629,-0.003754054484912524,7.286457309217364e-05,-0.0002768853777500949,-0.014138954681074869,0.013174755423895922,-0.0009763852794344782,0.0077673634916208024,-0.006124844619909733,-0.0055239446879966105,0.0016175704815296235,-0.0027366156571927533,0.004042905332582893,0.006461570144459974,0.002270545249120917,-0.0026720542728020883,0.002378780023348307,-0.0035681700350224045,0.0019714546768845854,0.0018899896075918502,-0.0021817537430333907,-0.0006171897393658794,0.0025345660277913207,1.0637706778818871e-05
Seasonality_Flag,0.043606521773483856,0.043606521773483856,-0.007306602787336204,0.35311668800971274,-0.0062049421579506,0.3478582997410154,-0.002393296812017342,0.005746437458286666,0.006901728025629756,0.26454192684159,-0.20692598531571846,0.19796998743633312,0.27526907654044647,-0.009418744637706712,0.11594070376064099,-0.00017190108669492584,1.0,0.0006518358094776821,0.008747815850775012,0.0020277955880622337,-0.010775611438837115,-0.028176977555810685,-0.00182778327428526,0.012001904332030895,0.012001904332013561,0.012001904332030924,-0.028176977555792588,0.01200190433203083,0.012001904332048834,0.012001904332048908,-0.02817697755577546,-0.028176977555775373,-0.001827783274285072,-0.0018277832742673466,0.012001904332048717,0.012001904332013726,0.012001904332013681,0.012001904332013506,-0.0018277832743028024,0.02213041811226784,-0.02817697755577546,-0.003370265831113482,-0.05195577944955501,-0.00182778327428526,0.012001904332013726,0.022130418112267344,0.022130418112267545,-0.0028988689493572714,-0.0039703175857372834,-0.008196730936131609,-0.00397031758573729,0.0031865130624781587,0.007367635847167482,0.008484375049252606,7.970737849541132e-17,6.6638230337481554e-18,2.55183984442645e-16,1.0321360571180004e-16,1.622844453225493e-16,0.8112701031842856,-0.7745394834598796,0.14999119696774407,-0.005461409930492938
Day,0.01599654533548171,0.01599654533548171,-0.00023003246791616528,0.0005801603680014901,-0.0039384324654867875,-0.0012949893480654927,-4.9057652989039584e-05,0.001225294106304441,-0.0006543991261147298,-0.001980857315396087,0.004179490254152467,0.009157081161824523,0.010837851564230807,0.0002093428409477936,0.03736327873983531,-0.0008779240713080802,0.0006518358094776821,1.0,-2.693646863131874e-15,-4.24851264682304e-16,3.0353377873913468e-15,-9.298182784959463e-16,-1.0255416342326732e-16,-1.0057261832933981e-16,-9.327613080970211e-16,-8.926910856212086e-17,-1.188349663571588e-16,-9.720784095489594e-17,1.0092566472930975e-15,1.0247249163223438e-15,1.0347866132013052e-15,1.0184614598071189e-15,-1.0915485079695841e-16,1.002445922833859e-15,1.006988916210096e-15,-9.39801316067973e-16,-9.258627195183295e-16,-9.339052152521715e-16,-9.153123307749853e-16,-2.3247641541648234e-18,1.0347866132013052e-15,1.2849979563640272e-17,4.851145022584637e-18,-1.0255416342326732e-16,-9.39801316067973e-16,1.0669227348229001e-17,-2.8510249246386e-17,-0.004815618819709875,-0.007781972732988396,0.0005220875596804472,-0.00025030800145831137,0.0027461318844263964,0.011711747748618991,-0.002146765630014749,5.859239389287192e-17,2.005344232227251e-17,3.4364186002074296e-17,3.4893219655385995e-17,3.9117821727484095e-17,0.0007821175783039755,0.0012368903761432373,0.006471995773155919,-0.008534624688468726
Company_Hyundai India,0.8164965810220476,0.8164965810220476,0.2950320673847589,-0.09684696795334252,-0.16708494370508623,0.01129390091239989,-0.24702172307218825,-0.1592133528622825,0.25228656805514754,0.12541696045152864,-0.12406374155256347,5.46163235822128e-15,1.0866323994088148e-14,-1.0814949151211864e-15,2.1150446975357106e-16,0.03612954423564581,0.008747815850775012,-2.693646863131874e-15,1.0,-0.5000000000000003,-0.5000000000000019,0.34299717028501614,-0.17149858514250968,-0.17149858514251046,0.34299717028501703,-0.1714985851425097,-0.17149858514250949,-0.17149858514251093,-0.1714985851425118,-0.17149858514251182,-0.17149858514251146,-0.17149858514251187,-0.17149858514250982,-0.17149858514251157,-0.17149858514251165,0.34299717028501814,0.34299717028501564,0.3429971702850159,0.34299717028501686,-8.142155922405062e-16,-0.17149858514251146,1.6666997495666772e-15,4.799275732072014e-16,-0.17149858514250968,0.34299717028501814,4.17458991514439e-16,-1.406778003347932e-15,1.3988082243365856e-15,-4.483031565120567e-16,1.1325977923348306e-15,-2.6868283290702773e-17,8.977399915928777e-16,-6.005206125299371e-16,2.1441825748745506e-15,3.3036735689591813e-15,1.803389099906322e-15,2.2812049994466543e-15,2.4580909858003052e-15,2.2092715141537674e-15,-1.521625690249852e-15,-1.3823156923030255e-15,6.002652097846505e-16,-1.1061435626547696e-16
Company_Maruti Suzuki,-7.312888879864846e-18,-7.312888879864846e-18,-0.2789368427696729,0.1163376345284857,0.14691532685977224,-0.04497446001082057,0.22534199050120807,0.13761111624980238,-0.22088845293382126,-0.12979844403057206,0.08397065012313934,-4.425448329884319e-15,-1.446489027908201e-15,-6.205910256569614e-16,1.1804419805742038e-16,-0.032857608469410673,0.0020277955880622337,-4.24851264682304e-16,-0.5000000000000003,1.0,-0.5000000000000002,-0.1714985851425085,0.3429971702850248,0.3429971702850258,-0.17149858514250865,0.34299717028502624,0.3429971702850254,0.34299717028502513,-0.1714985851425081,-0.17149858514250807,-0.17149858514250782,-0.17149858514250857,0.34299717028502363,-0.17149858514250782,-0.1714985851425083,-0.17149858514250937,-0.17149858514250782,-0.17149858514250804,-0.17149858514250835,2.421178342241979e-16,-0.17149858514250782,-3.423903118670771e-17,2.1848334516966114e-16,0.3429971702850248,-0.17149858514250937,8.663587934910556e-16,5.749001811748766e-16,-2.265251946647729e-16,-4.916376568192263e-16,-3.001979857366952e-17,-6.903403432637714e-16,-1.7892173988488815e-15,7.354348890051739e-16,-1.1602260497023289e-15,4.1983685260928564e-16,-6.663876373071533e-17,-1.2837210720997114e-16,-2.160208362183737e-16,3.523915192089472e-16,-4.540804284627984e-16,-1.916770695104837e-15,5.835569795548589e-16,8.623349907151932e-16
Company_Tata Motors,-0.8164965810220439,-0.8164965810220439,-0.016095224615086206,-0.01949066657514298,0.020169616845314296,0.03368055909842018,0.021679732570979826,0.021602236612481618,-0.031398115121325884,0.00438148357904218,0.04009309142942516,-1.4582278410661394e-15,-9.645391701555627e-15,1.6955409152082261e-15,-3.7286867451144584e-16,-0.003271935766235212,-0.010775611438837115,3.0353377873913468e-15,-0.5000000000000019,-0.5000000000000002,1.0,-0.1714985851425091,-0.17149858514250851,-0.17149858514250896,-0.1714985851425091,-0.17149858514250987,-0.17149858514250937,-0.1714985851425077,0.34299717028502663,0.3429971702850264,0.34299717028502574,0.3429971702850272,-0.17149858514250735,0.3429971702850259,0.3429971702850267,-0.17149858514250998,-0.17149858514250835,-0.17149858514250838,-0.1714985851425088,5.734497410825216e-16,0.34299717028502574,-1.633788687537365e-15,-7.003368338637264e-16,-0.17149858514250851,-0.17149858514250998,-1.2809979517630318e-15,8.348597493000027e-16,-1.163041586698124e-15,9.408702755268869e-16,-1.0790929822593891e-15,7.288795331218174e-16,8.930741164758676e-16,-1.3267387068871167e-16,-9.71354499255644e-16,-3.724365094560951e-15,-1.7364729030576143e-15,-2.153607020130404e-15,-2.242114896859015e-15,-2.5614314662037414e-15,1.7681275400209425e-15,3.5436591592850102e-15,-1.2578704262196677e-15,-7.048689812635661e-16
Car_Model_Alcazar,0.2801517952294848,0.2801517952294848,0.1968251712605328,-0.18467129499788965,-0.06017591710424522,-0.035991898369073246,-0.08653556659552102,-0.054020752727572424,0.08920517075093948,0.01334506009210114,-0.014618463892773317,2.2100927895112698e-15,3.5867093683026375e-15,-3.6913429187253556e-16,4.446522115592533e-17,0.00990280056757121,-0.028176977555810685,-9.298182784959463e-16,0.34299717028501614,-0.1714985851425085,-0.1714985851425091,1.0,-0.058823529411764004,-0.058823529411764296,-0.05882352941176523,-0.05882352941176401,-0.05882352941176394,-0.05882352941176451,-0.05882352941176481,-0.05882352941176479,-0.05882352941176468,-0.05882352941176487,-0.0588235294117641,-0.05882352941176471,-0.058823529411764795,-0.05882352941176509,-0.05882352941176511,-0.05882352941176497,-0.058823529411764865,-0.10846522890932797,-0.05882352941176468,-0.10846522890932707,0.542326144546637,-0.058823529411764004,-0.05882352941176509,-0.1084652289093273,-0.10846522890932862,4.778982188627771e-16,-1.5824592772150808e-16,3.80294251177556e-16,-1.1958062766476174e-17,3.111346838278812e-16,-2.091876558321943e-16,7.382053427490812e-16,1.133202869542434e-15,6.186470491726427e-16,7.827188103815445e-16,8.433491467572191e-16,7.577223653852917e-16,-6.449653640378933e-16,-4.810745027566319e-16,5.428663503255698e-16,2.4551957812370604e-16
Car_Model_Baleno,9.577839153144738e-05,9.577839153144738e-05,-0.17784901108331488,0.05931990824983737,0.05266902488733116,-0.07229145157391566,0.08201010922031894,0.043813843968279524,-0.07338286042354608,-0.08528322422697604,0.04372558552204647,-1.405755770152359e-15,-6.423347459940446e-16,-2.1117328056249847e-16,3.747096056633245e-17,-0.014138954681074869,-0.00182778327428526,-1.0255416342326732e-16,-0.17149858514250968,0.3429971702850248,-0.17149858514250851,-0.058823529411764004,1.0,-0.05882352941176501,-0.05882352941176419,-0.05882352941176492,-0.05882352941176512,-0.05882352941176512,-0.0588235294117653,-0.058823529411765205,-0.05882352941176509,-0.05882352941176531,-0.05882352941176516,-0.05882352941176512,-0.05882352941176521,-0.05882352941176457,-0.05882352941176403,-0.05882352941176434,-0.05882352941176462,-0.10846522890932798,-0.05882352941176509,-0.10846522890932807,-0.10846522890932865,1.0,-0.05882352941176457,-0.10846522890932746,-0.10846522890932793,-7.680053995139686e-17,-1.6554732378845207e-16,-6.437885187159183e-18,-2.353290562610335e-16,-6.1398187149683145e-16,2.5411457749125815e-16,-3.985010399558179e-16,1.4409417415341008e-16,-2.2664287613690035e-17,-4.3821191173841153e-17,-7.37055548698597e-17,1.2095505192949912e-16,1.0357631711783693e-16,-4.789459085198429e-16,-1.3731556555545352e-16,3.269896201889137e-17
Car_Model_Brezza,-3.1926130510488585e-05,-3.1926130510488585e-05,-0.023693838141494887,0.12285166030290448,0.04347266521473552,0.18198694976031932,0.07100282932762589,0.03945765268812432,-0.08028215874148971,0.09511352431170782,-0.07880379033969867,-1.6337586479937287e-15,-7.026576761108453e-16,-2.1190494480645946e-16,3.340768282725451e-17,-0.01271636561310765,0.012001904332030895,-1.0057261832933981e-16,-0.17149858514251046,0.3429971702850258,-0.17149858514250896,-0.058823529411764296,-0.05882352941176501,1.0,-0.05882352941176444,-0.05882352941176522,-0.058823529411765184,-0.058823529411764906,-0.058823529411765434,-0.05882352941176539,-0.05882352941176531,-0.05882352941176546,-0.058823529411765475,-0.05882352941176531,-0.058823529411765406,-0.058823529411764844,-0.058823529411764316,-0.0588235294117646,-0.05882352941176495,0.5423261445466423,-0.05882352941176531,-0.10846522890932811,-0.10846522890932797,-0.05882352941176499,-0.058823529411764844,-0.10846522890932674,-0.10846522890932808,-7.64848571951243e-17,-1.6348352901775446e-16,-9.262883380818181e-18,-2.3540126282107724e-16,-6.145077897421463e-16,2.5353692501091043e-16,-4.004775171709782e-16,1.4417244991945882e-16,-2.3070918707170476e-17,-4.397285047056036e-17,-7.380886736990187e-17,1.1988940795274196e-16,6.82401091906645e-17,-7.076643356822605e-16,-1.1687803568678213e-16,1.6821638147301673e-16
Car_Model_Creta,0.28002409070744305,0.28002409070744305,-0.0018041126380550717,0.21420553881448462,-0.05374557231829763,0.2873192174488019,-0.08284443106813766,-0.05460195736051225,0.09334112806279868,0.2777503944618235,-0.1590010879452294,1.9376752782523177e-15,3.6060016624635e-15,-3.7112649743930935e-16,3.482073604177339e-17,0.009760541660774379,0.012001904332013561,-9.327613080970211e-16,0.34299717028501703,-0.17149858514250865,-0.1714985851425091,-0.05882352941176523,-0.05882352941176419,-0.05882352941176444,1.0,-0.05882352941176421,-0.05882352941176412,-0.05882352941176463,-0.0588235294117649,-0.0588235294117649,-0.05882352941176481,-0.058823529411764996,-0.05882352941176427,-0.058823529411764816,-0.05882352941176493,-0.05882352941176517,-0.058823529411765094,-0.058823529411764656,-0.058823529411764545,-0.10846522890932868,-0.05882352941176481,-0.10846522890932736,-0.10846522890932779,-0.05882352941176419,-0.05882352941176517,0.5423261445466414,-0.10846522890932896,4.763652792154076e-16,-1.605706507432722e-16,3.8019868959162824e-16,-1.2470072919511886e-17,3.113291022268385e-16,-2.105805860177608e-16,7.393797616878664e-16,1.132831059653704e-15,6.186159690890651e-16,7.8241606734521e-16,8.43446415907677e-16,7.57280337529959e-16,-8.984580862650747e-16,-5.157300674122537e-16,5.667896176969552e-16,1.4487948687803841e-16
Car_Model_Dzire,-9.577839153145104e-05,-9.577839153145104e-05,-0.1909062746551062,0.01919791664993901,0.044882840633458446,-0.11809943308930382,0.07712939675815314,0.046343392116338256,-0.07268749807339106,-0.11547207017936723,0.09224254534167357,-1.6262538745063889e-15,-8.075360891281779e-16,-2.1161554000801213e-16,3.085748341788045e-17,-0.011009258731546902,0.012001904332030924,-8.926910856212086e-17,-0.1714985851425097,0.34299717028502624,-0.17149858514250987,-0.05882352941176401,-0.05882352941176492,-0.05882352941176522,-0.05882352941176421,1.0,-0.05882352941176511,-0.05882352941176491,-0.05882352941176515,-0.05882352941176517,-0.05882352941176506,-0.05882352941176518,-0.05882352941176508,-0.05882352941176507,-0.058823529411765135,-0.05882352941176458,-0.058823529411764,-0.05882352941176432,-0.05882352941176465,-0.10846522890932812,-0.05882352941176506,-0.1084652289093283,-0.10846522890932772,-0.05882352941176492,-0.05882352941176458,-0.10846522890932639,0.5423261445466413,-8.075019915461579e-17,-1.6692187412237079e-16,-7.407011477553563e-18,-2.3372869632116013e-16,-6.162634867415403e-16,2.529041329756196e-16,-4.0344585774352845e-16,1.437833733176287e-16,-2.376245056678363e-17,-4.4357610394115346e-17,-7.487738913217545e-17,1.200318583358081e-16,-2.105694092266136e-18,-8.172322593919414e-16,-1.4516391228390338e-17,1.9247924171566495e-16
Car_Model_Ertiga,3.192613051048141e-05,3.192613051048141e-05,-0.08985741821635178,-0.09508657517103192,0.055143279342518975,-0.115246708312825,0.07797075336016367,0.049978480192415665,-0.0779316891308096,-0.11321778862378028,0.10901044646913612,-1.300782911174108e-15,-5.748211940414752e-16,-2.1273851214846448e-16,4.3251600732793875e-17,-0.007879562782018859,-0.028176977555792588,-1.188349663571588e-16,-0.17149858514250949,0.3429971702850254,-0.17149858514250937,-0.05882352941176394,-0.05882352941176512,-0.058823529411765184,-0.05882352941176412,-0.05882352941176511,1.0,-0.05882352941176507,-0.05882352941176477,-0.058823529411764754,-0.058823529411764615,-0.058823529411764844,-0.05882352941176533,-0.058823529411764636,-0.0588235294117648,-0.058823529411764504,-0.05882352941176395,-0.05882352941176427,-0.05882352941176455,-0.10846522890932829,-0.058823529411764615,-0.10846522890932825,0.5423261445466391,-0.05882352941176512,-0.058823529411764504,-0.10846522890932675,-0.10846522890932815,-7.890948529601565e-17,-1.64371013283016e-16,-4.919444539033594e-18,-2.338166570397585e-16,-6.127165042900594e-16,2.5445066620709667e-16,-3.9883847121095643e-16,1.4399748056005573e-16,-2.2871488170877487e-17,-4.3669244098570286e-17,-7.423967186172066e-17,1.2049000179003375e-16,8.840272438611638e-17,-6.789165964531034e-16,-1.1124176100007815e-16,6.765523199915463e-17
Car_Model_Grand Vitara,0.00015963065255240321,0.00015963065255240321,0.13024425250683921,-0.12575199237284398,0.052194766534168754,0.025273803009932587,0.07636964330483281,0.04896051904470311,-0.07287220369765136,-0.015213638280293717,0.015412572142888667,-1.6002028708073208e-15,-8.47220904401275e-16,-2.168431689377044e-16,2.26730650864958e-17,-0.013143142333497806,0.01200190433203083,-9.720784095489594e-17,-0.17149858514251093,0.34299717028502513,-0.1714985851425077,-0.05882352941176451,-0.05882352941176512,-0.058823529411764906,-0.05882352941176463,-0.05882352941176491,-0.05882352941176507,1.0,-0.05882352941176535,-0.05882352941176529,-0.05882352941176522,-0.05882352941176549,-0.058823529411765094,-0.058823529411765205,-0.058823529411765454,-0.05882352941176506,-0.058823529411764504,-0.058823529411764774,-0.05882352941176513,-0.10846522890932798,-0.05882352941176522,-0.10846522890932782,-0.10846522890932825,-0.05882352941176512,-0.05882352941176506,0.5423261445466401,-0.10846522890932761,-8.27938990026356e-17,-1.6208108069472765e-16,-1.0104484382405139e-17,-2.3001662271165153e-16,-6.15087749711916e-16,2.5579239537735977e-16,-3.967756590457516e-16,1.456688983880349e-16,-2.19287256356745e-17,-4.304764242700792e-17,-7.288365932634939e-17,1.2195191683241222e-16,5.6123029757218e-18,-5.942610366688575e-16,-1.8963398694376807e-16,2.2389593333305885e-16
Car_Model_Harrier,-0.28002409070744455,-0.28002409070744455,0.1739916322637024,-0.027052946107742337,0.01300693071483016,0.19605171871176094,0.011066020090247538,0.008595800417689833,-0.0028905021765968327,0.13496229152862466,-0.09275413431049634,-1.5012216572527326e-16,-3.4918005773308583e-15,5.811864866556724e-16,-8.366633395713892e-17,0.0017940428801597526,0.012001904332048834,1.0092566472930975e-15,-0.1714985851425118,-0.1714985851425081,0.34299717028502663,-0.05882352941176481,-0.0588235294117653,-0.058823529411765434,-0.0588235294117649,-0.05882352941176515,-0.05882352941176477,-0.05882352941176535,1.0,-0.05882352941176605,-0.05882352941176546,-0.05882352941176538,-0.05882352941176498,-0.05882352941176604,-0.05882352941176573,-0.05882352941176534,-0.0588235294117648,-0.05882352941176508,-0.058823529411765406,-0.10846522890932898,-0.05882352941176546,-0.1084652289093297,-0.10846522890932972,-0.0588235294117653,-0.05882352941176534,0.5423261445466426,-0.10846522890932833,-4.0118269577058753e-16,3.2497875194122136e-16,-3.759267571779365e-16,2.5231532129963067e-16,3.030172213873609e-16,-4.306136671684906e-17,-3.318919783822933e-16,-1.2780222456460075e-15,-5.952080616979163e-16,-7.376198824383848e-16,-7.697739555712609e-16,-8.789893692647834e-16,4.0033656124646303e-16,7.88374184773452e-16,-3.827248006165641e-16,-2.7880740308904383e-16
Car_Model_Nexon,-0.2800879429684658,-0.2800879429684658,-0.11169490582077245,0.16779408278334024,0.009913128298910662,0.08858115425811078,0.010226773914496121,0.009480687314807423,-0.014588525046389716,0.059568491000376755,-0.058118797555408955,8.49476715553667e-17,-3.2743479316168347e-15,5.857079271159156e-16,-8.386038620882077e-17,-0.0064569737140502325,0.012001904332048908,1.0247249163223438e-15,-0.17149858514251182,-0.17149858514250807,0.3429971702850264,-0.05882352941176479,-0.058823529411765205,-0.05882352941176539,-0.0588235294117649,-0.05882352941176517,-0.058823529411764754,-0.05882352941176529,-0.05882352941176605,1.0,-0.05882352941176599,-0.058823529411765864,-0.05882352941176499,-0.05882352941176592,-0.05882352941176561,-0.05882352941176535,-0.05882352941176475,-0.05882352941176507,-0.05882352941176538,0.5423261445466405,-0.05882352941176599,-0.10846522890932957,-0.10846522890933004,-0.058823529411765205,-0.05882352941176535,-0.10846522890932751,-0.1084652289093282,-4.0224441794251956e-16,3.280248841401477e-16,-3.7971099598068755e-16,2.5388745503875983e-16,3.0194627257954704e-16,-4.875386934136917e-17,-3.366064597956471e-16,-1.2773373326930838e-15,-5.950086311616241e-16,-7.383816322646014e-16,-7.695115015321578e-16,-8.785792848286843e-16,5.261793354068128e-16,8.220176907472249e-16,-4.721781824783539e-16,-3.545893704614185e-16
Car_Model_Nexon EV,-0.2798963861854021,-0.2798963861854021,0.152244507999726,-0.03447182880646341,0.0011713400407826562,0.1635107973727736,0.004674945901897203,0.009208851879831727,-0.012075079884892547,0.11583354922358673,-0.07852890671465652,9.206481943429349e-17,-3.2910186363152727e-15,5.795947602642141e-16,-8.579455792467399e-17,-0.003754054484912524,-0.02817697755577546,1.0347866132013052e-15,-0.17149858514251146,-0.17149858514250782,0.34299717028502574,-0.05882352941176468,-0.05882352941176509,-0.05882352941176531,-0.05882352941176481,-0.05882352941176506,-0.058823529411764615,-0.05882352941176522,-0.05882352941176546,-0.05882352941176599,1.0,-0.0588235294117656,-0.05882352941176487,-0.05882352941176594,-0.05882352941176556,-0.058823529411765246,-0.058823529411764656,-0.058823529411764955,-0.05882352941176529,-0.10846522890932886,1.0,-0.10846522890932944,-0.10846522890932975,-0.05882352941176509,-0.058823529411765246,-0.108465228909327,-0.10846522890932811,-4.015692259095306e-16,3.2549929559680744e-16,-3.783085473265152e-16,2.476255052248053e-16,3.0591372600911067e-16,-4.31558916681787e-17,-3.325332295761412e-16,-1.276660477539602e-15,-5.961093841216815e-16,-7.381096815332913e-16,-7.696217207174379e-16,-8.775568076346726e-16,4.966236760616188e-16,8.304241733534803e-16,-4.561701014222909e-16,-3.7102419392687e-16
Car_Model_Safari,-0.2799602384464234,-0.2799602384464234,0.21822449882791692,-0.18176218733924063,0.007639286879638157,-0.012780388525500331,0.005276417385775966,-0.00026557980781657085,-0.012404652665434729,-0.012420852991655462,0.0055854825476971326,-2.273525638041198e-16,-3.54283956991414e-15,5.813750073870547e-16,-9.043805189628044e-17,-0.0024737243237419326,-0.028176977555775373,1.0184614598071189e-15,-0.17149858514251187,-0.17149858514250857,0.3429971702850272,-0.05882352941176487,-0.05882352941176531,-0.05882352941176546,-0.058823529411764996,-0.05882352941176518,-0.058823529411764844,-0.05882352941176549,-0.05882352941176538,-0.058823529411765864,-0.0588235294117656,1.0,-0.0588235294117651,-0.05882352941176572,-0.05882352941176546,-0.05882352941176543,-0.05882352941176488,-0.058823529411765156,-0.05882352941176542,-0.10846522890932901,-0.058823529411765635,-0.10846522890932968,0.5423261445466417,-0.05882352941176531,-0.05882352941176543,-0.10846522890932724,-0.10846522890932819,-3.990289353373952e-16,3.2511266228893823e-16,-3.760401129902096e-16,2.470140469458916e-16,3.0926892624331533e-16,-4.767996086654034e-17,-3.3118811787352653e-16,-1.2777620938353158e-15,-5.961508242331191e-16,-7.385804872437898e-16,-7.691117771239156e-16,-8.78679143986105e-16,2.9546120282379393e-16,7.89812938722034e-16,-2.163838792250927e-16,-3.7379142306288095e-16
Car_Model_Swift,-0.00015963065255241753,-0.00015963065255241753,-0.22198499695997692,0.2588899589867352,0.05398667169418768,0.0058201650929432976,0.07926725855874733,0.054647452830806915,-0.07742827576272848,-0.0330497970605962,-0.008777186860664194,-1.57983917837654e-15,-9.10088778956911e-16,-2.1109175808406238e-16,4.1570049766402546e-17,-0.008733116222799169,-0.001827783274285072,-1.0915485079695841e-16,-0.17149858514250982,0.34299717028502363,-0.17149858514250735,-0.0588235294117641,-0.05882352941176516,-0.058823529411765475,-0.05882352941176427,-0.05882352941176508,-0.05882352941176533,-0.058823529411765094,-0.05882352941176498,-0.05882352941176499,-0.05882352941176487,-0.0588235294117651,1.0,-0.058823529411764906,-0.058823529411765,-0.05882352941176466,-0.05882352941176411,-0.05882352941176438,-0.05882352941176472,-0.10846522890932841,-0.05882352941176487,0.5423261445466442,-0.10846522890932779,-0.058823529411765184,-0.05882352941176466,-0.10846522890932637,-0.10846522890932757,-8.02368027722851e-17,-1.6596283972033848e-16,-9.117893388375613e-18,-2.339876553024069e-16,-6.141749718049471e-16,2.5146525316093458e-16,-4.0566420462789924e-16,1.4267485033667563e-16,-2.3561868916284077e-17,-4.490697964921378e-17,-7.482386232156864e-17,1.2088109284172508e-16,2.0412297849289392e-16,-7.539295267027556e-16,-5.489333690165655e-18,1.092554121795241e-16
Car_Model_Tiago,-0.28021564749050737,-0.28021564749050737,-0.26601425168950454,0.16105969600430156,0.0048033833606233875,-0.12903732371041218,0.008564461497647311,0.01026207201701808,-0.015410646158291472,-0.10635470710749,0.05767592949284719,6.2180273216791695e-18,-3.3621155491551697e-15,5.859687990469092e-16,-9.903456664578207e-17,-0.0013356530693681616,-0.0018277832742673466,1.002445922833859e-15,-0.17149858514251157,-0.17149858514250782,0.3429971702850259,-0.05882352941176471,-0.05882352941176512,-0.05882352941176531,-0.058823529411764816,-0.05882352941176507,-0.058823529411764636,-0.058823529411765205,-0.05882352941176604,-0.05882352941176592,-0.05882352941176594,-0.05882352941176572,-0.058823529411764906,1.0,-0.05882352941176655,-0.05882352941176527,-0.05882352941176467,-0.05882352941176499,-0.05882352941176528,-0.10846522890932886,-0.05882352941176594,0.5423261445466472,-0.10846522890932986,-0.05882352941176512,-0.05882352941176527,-0.10846522890932739,-0.1084652289093287,-4.0646230863175673e-16,3.305455495089384e-16,-3.80048427235826e-16,2.537194106808401e-16,3.011026944416991e-16,-4.5056893467142056e-17,-3.355941660302296e-16,-1.2773603549772138e-15,-5.952434584597692e-16,-7.3891114479963505e-16,-7.691017048746081e-16,-8.785010090626344e-16,4.1996418628476846e-16,8.940071384031982e-16,-4.721781824783532e-16,-3.4148076921881914e-16
Car_Model_Tigor,-0.2801517952294861,-0.2801517952294861,-0.19987518056952475,-0.1256782774276502,0.004974659727269878,-0.23701193932047832,0.004807902756228192,0.007175204357921168,-0.007247381901785965,-0.1825717528378804,0.24865132798964354,-1.2483039565589797e-18,-3.31643593924214e-15,5.867524338708719e-16,-9.014864942456771e-17,0.0054927744568747695,0.012001904332048717,1.006988916210096e-15,-0.17149858514251165,-0.1714985851425083,0.3429971702850267,-0.058823529411764795,-0.05882352941176521,-0.058823529411765406,-0.05882352941176493,-0.058823529411765135,-0.0588235294117648,-0.058823529411765454,-0.05882352941176573,-0.05882352941176561,-0.05882352941176556,-0.05882352941176546,-0.058823529411765,-0.05882352941176655,1.0,-0.058823529411765337,-0.058823529411764795,-0.05882352941176507,-0.058823529411765364,-0.10846522890932872,-0.05882352941176556,-0.10846522890933012,-0.10846522890932968,-0.05882352941176521,-0.058823529411765337,-0.10846522890932733,0.5423261445466432,-4.012769392656745e-16,3.284847086429692e-16,-3.745651693398164e-16,2.5425275459025193e-16,3.047327166161239e-16,-4.663756070882145e-17,-3.35723009409877e-16,-1.2782409573452589e-15,-5.958224689056867e-16,-7.393220925713893e-16,-7.69379123398397e-16,-8.783939554414198e-16,4.3544401689063113e-16,9.135843468654132e-16,-4.489034182415084e-16,-4.0731180622083465e-16
Car_Model_Tucson,0.28021564749050615,0.28021564749050615,0.7692779590475154,-0.31860871774361577,-0.062301712744531966,-0.05558997985304057,-0.08765831336542845,-0.05917880167156779,0.09303328535569849,-0.0016169552733216097,-0.051727753273223646,1.990537587119296e-15,3.947169265914443e-15,-3.719381556152355e-16,5.197354380133708e-17,0.013174755423895922,0.012001904332013726,-9.39801316067973e-16,0.34299717028501814,-0.17149858514250937,-0.17149858514250998,-0.05882352941176509,-0.05882352941176457,-0.058823529411764844,-0.05882352941176517,-0.05882352941176458,-0.058823529411764504,-0.05882352941176506,-0.05882352941176534,-0.05882352941176535,-0.058823529411765246,-0.05882352941176543,-0.05882352941176466,-0.05882352941176527,-0.058823529411765337,1.0,-0.058823529411765094,-0.058823529411764934,-0.0588235294117648,-0.10846522890932885,-0.05882352941176524,-0.10846522890932768,-0.10846522890932833,-0.05882352941176457,1.0,-0.10846522890932812,-0.10846522890932937,4.790785692103441e-16,-1.5988895517413442e-16,3.7937290568012615e-16,-1.3769134577021716e-17,3.0873378136211715e-16,-2.1013946957822252e-16,7.385579320488856e-16,1.1334330923837552e-15,6.178720615330523e-16,7.827392426587127e-16,8.430161869729621e-16,7.572627830383089e-16,-6.863581050828163e-16,-4.792422518000566e-16,6.266879665204052e-16,8.704930512663237e-17
Car_Model_Venue,0.28008794296846373,0.28008794296846373,-0.1557556289895219,0.0666361165606078,-0.05744179505828383,-0.05666237406874071,-0.0838644704267628,-0.05253532562264187,0.07926366215106861,-0.009683927049885445,-0.015649277486674724,1.956178794898384e-15,3.6191928479194636e-15,-3.713995977420687e-16,3.537572548158316e-17,0.013174755423895875,0.012001904332013681,-9.258627195183295e-16,0.34299717028501564,-0.17149858514250782,-0.17149858514250835,-0.05882352941176511,-0.05882352941176403,-0.058823529411764316,-0.058823529411765094,-0.058823529411764,-0.05882352941176395,-0.058823529411764504,-0.0588235294117648,-0.05882352941176475,-0.058823529411764656,-0.05882352941176488,-0.05882352941176411,-0.05882352941176467,-0.058823529411764795,-0.058823529411765094,1.0,-0.058823529411764795,-0.058823529411764774,0.542326144546637,-0.058823529411764656,-0.1084652289093273,-0.10846522890932762,-0.05882352941176403,-0.058823529411765094,-0.10846522890932747,-0.10846522890932883,4.805660347237198e-16,-1.6015808871611445e-16,3.829376823579516e-16,-1.3580084674362355e-17,3.0932889937655124e-16,-2.0980075516929082e-16,7.39241362149625e-16,1.1326204057538958e-15,6.180559520275549e-16,7.828673041141953e-16,8.435566350929579e-16,7.573088276065714e-16,-7.440793137457157e-16,-5.874358652398842e-16,6.498033236472854e-16,1.4578838403450754e-16
Car_Model_Verna,0.2799602384464217,0.2799602384464217,-0.023864648315101204,-0.08322899970082369,-0.053140789561586965,-0.06246233278662915,-0.08266363788526446,-0.05410833150787835,0.08145115621093085,-0.014946398507136109,0.0023555999534697588,1.7302795601660156e-15,3.664778505868101e-15,-3.7052526916084526e-16,3.5262381325487223e-17,0.01815381716178111,0.012001904332013506,-9.339052152521715e-16,0.3429971702850159,-0.17149858514250804,-0.17149858514250838,-0.05882352941176497,-0.05882352941176434,-0.0588235294117646,-0.058823529411764656,-0.05882352941176432,-0.05882352941176427,-0.058823529411764774,-0.05882352941176508,-0.05882352941176507,-0.058823529411764955,-0.058823529411765156,-0.05882352941176438,-0.05882352941176499,-0.05882352941176507,-0.058823529411764934,-0.058823529411764795,1.0,-0.058823529411764566,-0.10846522890932811,-0.05882352941176496,-0.10846522890932761,-0.10846522890932729,-0.05882352941176434,-0.05882352941176493,-0.10846522890932792,0.542326144546641,4.752383115468762e-16,-1.5919839789080903e-16,3.7939366561086146e-16,-1.1877322703882076e-17,3.0879243640451373e-16,-2.1257086138186852e-16,7.365702510615809e-16,1.1328506285952148e-15,6.191287904681032e-16,7.824839830833983e-16,8.433376356151525e-16,7.575335826554093e-16,-9.792283255702356e-16,-5.527812770036373e-16,4.469780668085282e-16,2.3390873698402124e-16
Car_Model_i20,0.2798963861854008,0.2798963861854008,-0.17750775482750475,0.10635794131515143,-0.05705219054150972,-0.05336997604472282,-0.08480009273501965,-0.05321320812994559,0.08290707113156781,-0.006742198479849933,-0.01668009108057622,1.7293815074479098e-15,3.4159220039876605e-15,-3.700605910337615e-16,5.813770178157673e-17,0.010187318381164608,-0.0018277832743028024,-9.153123307749853e-16,0.34299717028501686,-0.17149858514250835,-0.1714985851425088,-0.058823529411764865,-0.05882352941176462,-0.05882352941176495,-0.058823529411764545,-0.05882352941176465,-0.05882352941176455,-0.05882352941176513,-0.058823529411765406,-0.05882352941176538,-0.05882352941176529,-0.05882352941176542,-0.05882352941176472,-0.05882352941176528,-0.058823529411765364,-0.0588235294117648,-0.058823529411764774,-0.058823529411764566,1.0,-0.10846522890932765,-0.058823529411765295,0.5423261445466447,-0.1084652289093268,-0.05882352941176461,-0.0588235294117648,-0.10846522890932746,-0.1084652289093286,4.729751495739321e-16,-1.5668035821511035e-16,3.7669520413787967e-16,-1.1718468271786383e-17,3.053759449462312e-16,-2.1353974213299766e-16,7.328743243451365e-16,1.1326537880658867e-15,6.193336887968776e-16,7.827280192951969e-16,8.431019449813517e-16,7.574780413949411e-16,-7.94749024907437e-16,-5.520621441341899e-16,5.844678927154715e-16,2.256177173829896e-16
Car_Type_Compact SUV,-1.9622958640186597e-05,-1.9622958640186597e-05,-0.17894789932798005,0.219598399253228,-0.002492965770642202,0.13147422579605456,-0.0016194850098573642,-0.002210837922210784,-0.009592641988433258,0.08912108806372149,-0.09377620638796492,-4.0444533390628105e-17,-3.5624393924385386e-17,3.038343461681948e-18,2.2953269083546164e-17,-0.003686947398461629,0.02213041811226784,-2.3247641541648234e-18,-8.142155922405062e-16,2.421178342241979e-16,5.734497410825216e-16,-0.10846522890932797,-0.10846522890932798,0.5423261445466423,-0.10846522890932868,-0.10846522890932812,-0.10846522890932829,-0.10846522890932798,-0.10846522890932898,0.5423261445466405,-0.10846522890932886,-0.10846522890932901,-0.10846522890932841,-0.10846522890932886,-0.10846522890932872,-0.10846522890932885,0.542326144546637,-0.10846522890932811,-0.10846522890932765,1.0,-0.10846522890932883,-0.2000000000000004,-0.20000000000000276,-0.10846522890932798,-0.10846522890932885,-0.20000000000000137,-0.20000000000000234,3.2296489163942226e-18,-1.547678582355419e-18,8.065008143159291e-19,2.9412348449872263e-18,-1.0155186044651098e-18,-1.0974154702832965e-18,-3.159976319677821e-18,-7.301571038962575e-19,4.634233556705899e-19,-1.3513566554669099e-19,5.023367672154478e-20,-1.740490770915503e-19,1.0358745575566856e-16,-2.0139171610558552e-16,7.686188130727104e-17,5.5368422577137e-17
Car_Type_Electric SUV,-0.2798963861854021,-0.2798963861854021,0.152244507999726,-0.03447182880646341,0.0011713400407826562,0.1635107973727736,0.004674945901897203,0.009208851879831727,-0.012075079884892547,0.11583354922358673,-0.07852890671465652,9.206481943429349e-17,-3.2910186363152727e-15,5.795947602642141e-16,-8.579455792467399e-17,-0.003754054484912524,-0.02817697755577546,1.0347866132013052e-15,-0.17149858514251146,-0.17149858514250782,0.34299717028502574,-0.05882352941176468,-0.05882352941176509,-0.05882352941176531,-0.05882352941176481,-0.05882352941176506,-0.058823529411764615,-0.05882352941176522,-0.05882352941176546,-0.05882352941176599,1.0,-0.058823529411765635,-0.05882352941176487,-0.05882352941176594,-0.05882352941176556,-0.05882352941176524,-0.058823529411764656,-0.05882352941176496,-0.058823529411765295,-0.10846522890932883,1.0,-0.10846522890932944,-0.10846522890932975,-0.05882352941176509,-0.058823529411765246,-0.108465228909327,-0.10846522890932811,-4.015692259095306e-16,3.2549929559680744e-16,-3.783085473265152e-16,2.476255052248053e-16,3.0591372600911067e-16,-4.31558916681787e-17,-3.325332295761412e-16,-1.276660477539602e-15,-5.961093841216815e-16,-7.381096815332913e-16,-7.696217207174379e-16,-8.775568076346726e-16,4.966236760616188e-16,8.304241733534803e-16,-4.561701014222909e-16,-3.7102419392687e-16
Car_Type_Hatchback,-0.0002943443795889101,-0.0002943443795889101,-0.4090447603463881,0.32348775215705666,0.0010681546094086043,-0.1085368625736034,0.0018633481911574036,0.007188980797804079,-0.006104475993102974,-0.08982706815662707,0.01980275268893779,6.611370512973867e-17,7.291836472248795e-17,-1.0866884984576762e-18,1.0629698055346818e-17,7.286457309217364e-05,-0.003370265831113482,1.2849979563640272e-17,1.6666997495666772e-15,-3.423903118670771e-17,-1.633788687537365e-15,-0.10846522890932707,-0.10846522890932807,-0.10846522890932811,-0.10846522890932736,-0.1084652289093283,-0.10846522890932825,-0.10846522890932782,-0.1084652289093297,-0.10846522890932957,-0.10846522890932944,-0.10846522890932968,0.5423261445466442,0.5423261445466472,-0.10846522890933012,-0.10846522890932768,-0.1084652289093273,-0.10846522890932761,0.5423261445466447,-0.2000000000000004,-0.10846522890932944,1.0,-0.20000000000000062,-0.10846522890932807,-0.10846522890932768,-0.19999999999999962,-0.20000000000000193,-1.8475390326946027e-18,4.35173649355724e-18,-3.436236267123072e-18,2.3509705681399987e-18,-2.204003481011037e-18,4.050754162369233e-18,-6.331294689983901e-19,-5.858237228935096e-19,-2.759314636817256e-20,-1.3322537079812537e-18,-5.306374301571639e-20,-3.459756044624724e-19,5.646747390332751e-17,-5.927310254748798e-17,4.0680997254189914e-17,-2.12519695013283e-17
Car_Type_MPV,0.00013736071047631333,0.00013736071047631333,0.19987496155346343,-0.2836669792085912,0.0016021411618099102,-0.10081202787700907,-0.0020211674485594152,-0.0026477624127664127,-0.0006952587827321464,-0.06901971114153489,0.061449778962581005,-6.702863290791073e-17,-7.659893073111271e-17,1.7994559400973436e-18,1.1640470290203484e-17,-0.0002768853777500949,-0.05195577944955501,4.851145022584637e-18,4.799275732072014e-16,2.1848334516966114e-16,-7.003368338637264e-16,0.542326144546637,-0.10846522890932865,-0.10846522890932797,-0.10846522890932779,-0.10846522890932772,0.5423261445466391,-0.10846522890932825,-0.10846522890932972,-0.10846522890933004,-0.10846522890932975,0.5423261445466417,-0.10846522890932779,-0.10846522890932986,-0.10846522890932968,-0.10846522890932833,-0.10846522890932762,-0.10846522890932729,-0.1084652289093268,-0.20000000000000276,-0.10846522890932975,-0.20000000000000062,1.0,-0.10846522890932869,-0.10846522890932833,-0.20000000000000093,-0.20000000000000284,3.4038304081851973e-18,-1.4807039617425373e-18,9.677199625317678e-19,-7.911881386858621e-19,-1.2840821604126007e-19,1.2588000982661311e-19,-5.035060332469583e-19,-9.367519433707775e-19,-1.8607685884177834e-19,4.917240186123036e-19,3.749837839777277e-20,-4.69791004832476e-19,1.571070846503864e-17,-1.4762132278968657e-16,1.6138001954748137e-16,-1.4621711707997632e-17
Car_Type_Premium Hatchback,9.577839153144738e-05,9.577839153144738e-05,-0.17784901108331488,0.05931990824983737,0.05266902488733116,-0.07229145157391566,0.08201010922031894,0.043813843968279524,-0.07338286042354608,-0.08528322422697604,0.04372558552204647,-1.405755770152359e-15,-6.423347459940446e-16,-2.1117328056249847e-16,3.747096056633245e-17,-0.014138954681074869,-0.00182778327428526,-1.0255416342326732e-16,-0.17149858514250968,0.3429971702850248,-0.17149858514250851,-0.058823529411764004,1.0,-0.05882352941176499,-0.05882352941176419,-0.05882352941176492,-0.05882352941176512,-0.05882352941176512,-0.0588235294117653,-0.058823529411765205,-0.05882352941176509,-0.05882352941176531,-0.058823529411765184,-0.05882352941176512,-0.05882352941176521,-0.05882352941176457,-0.05882352941176403,-0.05882352941176434,-0.05882352941176461,-0.10846522890932798,-0.05882352941176509,-0.10846522890932807,-0.10846522890932869,1.0,-0.05882352941176457,-0.10846522890932746,-0.10846522890932793,-7.680053995139686e-17,-1.6554732378845207e-16,-6.437885187159183e-18,-2.353290562610335e-16,-6.1398187149683145e-16,2.5411457749125815e-16,-3.985010399558179e-16,1.4409417415341008e-16,-2.2664287613690035e-17,-4.3821191173841153e-17,-7.37055548698597e-17,1.2095505192949912e-16,1.0357631711783693e-16,-4.789459085198429e-16,-1.3731556555545352e-16,3.269896201889137e-17
Car_Type_Premium SUV,0.28021564749050615,0.28021564749050615,0.7692779590475154,-0.31860871774361577,-0.062301712744531966,-0.05558997985304057,-0.08765831336542845,-0.05917880167156779,0.09303328535569849,-0.0016169552733216097,-0.051727753273223646,1.990537587119296e-15,3.947169265914443e-15,-3.719381556152355e-16,5.197354380133708e-17,0.013174755423895922,0.012001904332013726,-9.39801316067973e-16,0.34299717028501814,-0.17149858514250937,-0.17149858514250998,-0.05882352941176509,-0.05882352941176457,-0.058823529411764844,-0.05882352941176517,-0.05882352941176458,-0.058823529411764504,-0.05882352941176506,-0.05882352941176534,-0.05882352941176535,-0.058823529411765246,-0.05882352941176543,-0.05882352941176466,-0.05882352941176527,-0.058823529411765337,1.0,-0.058823529411765094,-0.05882352941176493,-0.0588235294117648,-0.10846522890932885,-0.058823529411765246,-0.10846522890932768,-0.10846522890932833,-0.05882352941176457,1.0,-0.10846522890932812,-0.10846522890932937,4.790785692103441e-16,-1.5988895517413442e-16,3.7937290568012615e-16,-1.3769134577021716e-17,3.0873378136211715e-16,-2.1013946957822252e-16,7.385579320488856e-16,1.1334330923837552e-15,6.178720615330523e-16,7.827392426587127e-16,8.430161869729621e-16,7.572627830383089e-16,-6.863581050828163e-16,-4.792422518000566e-16,6.266879665204052e-16,8.704930512663237e-17
Car_Type_SUV,9.811479319793588e-05,9.811479319793588e-05,0.1858855445648885,0.03773903763219074,0.007041350207127019,0.31263151905002956,0.002821938036800274,0.0018158581827487606,0.010804336323760454,0.24431734280635586,-0.14526477132464674,8.380449661672355e-17,9.243357061958245e-17,-1.3522538721441609e-18,-4.579810947852154e-18,-0.0009763852794344782,0.022130418112267344,1.0669227348229001e-17,4.17458991514439e-16,8.663587934910556e-16,-1.2809979517630318e-15,-0.1084652289093273,-0.10846522890932746,-0.10846522890932674,0.5423261445466414,-0.10846522890932639,-0.10846522890932675,0.5423261445466401,0.5423261445466426,-0.10846522890932751,-0.108465228909327,-0.10846522890932724,-0.10846522890932637,-0.10846522890932739,-0.10846522890932733,-0.10846522890932812,-0.10846522890932747,-0.10846522890932792,-0.10846522890932746,-0.20000000000000137,-0.108465228909327,-0.19999999999999962,-0.20000000000000093,-0.10846522890932746,-0.10846522890932812,1.0,-0.2000000000000017,2.4851243072969456e-18,6.753946681081781e-19,5.853308270650514e-19,-7.637527519287815e-19,-4.767711996232286e-19,1.378224722973434e-18,-1.997416130282186e-18,-1.499935135910916e-19,1.9456705772429338e-19,9.473646919739222e-19,2.299428864014373e-19,-1.0400493631080441e-19,1.3699434192944353e-17,1.5747266666977615e-16,-3.7687877475449264e-17,-1.4794549519936149e-16
Car_Type_Sedan,-0.00017660662775590525,-0.00017660662775590525,-0.25485654570852045,-0.11660225885976466,-0.0020180287168976075,-0.2566559559503251,-0.0004464339267592293,-0.00036247255736463895,0.000931958411004603,-0.19237515080280235,0.21097358525943333,-2.550942036091314e-16,-2.3432835612303363e-16,3.5087198664898585e-18,-4.8437263758334176e-18,0.0077673634916208024,0.022130418112267545,-2.8510249246386e-17,-1.406778003347932e-15,5.749001811748766e-16,8.348597493000027e-16,-0.10846522890932862,-0.10846522890932793,-0.10846522890932808,-0.10846522890932896,0.5423261445466413,-0.10846522890932815,-0.10846522890932761,-0.10846522890932833,-0.1084652289093282,-0.10846522890932811,-0.10846522890932819,-0.10846522890932757,-0.1084652289093287,0.5423261445466432,-0.10846522890932937,-0.10846522890932883,0.542326144546641,-0.1084652289093286,-0.20000000000000234,-0.10846522890932811,-0.20000000000000193,-0.20000000000000284,-0.10846522890932793,-0.10846522890932937,-0.2000000000000017,1.0,-1.7944744386838618e-19,6.854812073571068e-19,-2.1626860108652712e-18,3.516571043746051e-18,-9.118198558639675e-19,-4.551046509116033e-19,-2.1594454249714774e-18,-1.887654218212421e-18,-1.733415605180072e-19,-1.0704725757703867e-18,-2.7380891396109674e-19,-9.898156863865013e-19,-7.916413483534446e-17,-8.792331914764526e-17,1.2337587560303727e-16,4.2532789016788994e-17
Day_of_Week_Friday,0.00032166580478891786,0.00032166580478891786,0.0005246595616572334,0.0024964171541447438,-0.0038077879423181827,0.004206496476234485,-0.00023716655336826896,0.007694340330458419,-0.00692349651085961,0.002689758352422855,-0.0033859783721901624,0.0033342769575716085,-0.0027423370080726732,-0.25770378116168824,0.051722596656012775,-0.006124844619909733,-0.0028988689493572714,-0.004815618819709875,1.3988082243365856e-15,-2.265251946647729e-16,-1.163041586698124e-15,4.778982188627771e-16,-7.680053995139686e-17,-7.64848571951243e-17,4.763652792154076e-16,-8.075019915461579e-17,-7.890948529601565e-17,-8.27938990026356e-17,-4.0118269577058753e-16,-4.0224441794251956e-16,-4.015692259095306e-16,-3.990289353373952e-16,-8.02368027722851e-17,-4.0646230863175673e-16,-4.012769392656745e-16,4.790785692103441e-16,4.805660347237198e-16,4.752383115468762e-16,4.729751495739321e-16,3.2296489163942226e-18,-4.015692259095306e-16,-1.8475390326946027e-18,3.4038304081851973e-18,-7.680053995139686e-17,4.790785692103441e-16,2.4851243072969456e-18,-1.7944744386838618e-19,1.0,-0.1667978245819713,-0.16586921850079853,-0.16679782458197256,-0.16586921850079692,-0.1667978245819716,-0.16586921850079697,3.0298049756836843e-18,3.774047054912413e-21,-2.2712215176462882e-18,1.0099349918945603e-18,2.644097366671644e-18,-0.003749743022106953,0.0023743047003370295,0.007418591494452839,-0.0068139865533990195
Day_of_Week_Monday,-6.780883651693114e-16,-6.780883651693114e-16,0.0003496016350242441,-0.0044833804081660395,0.0016556699143940334,-0.006809879791560175,-0.0037525299605754288,0.0036614282185639035,0.002946104236079285,-0.002752569984798145,0.0008761591296429752,-0.005181828766720184,-0.0010123467212039472,-0.2591465159891107,0.02695228543612681,-0.0055239446879966105,-0.0039703175857372834,-0.007781972732988396,-4.483031565120567e-16,-4.916376568192263e-16,9.408702755268869e-16,-1.5824592772150808e-16,-1.6554732378845207e-16,-1.6348352901775446e-16,-1.605706507432722e-16,-1.6692187412237079e-16,-1.64371013283016e-16,-1.6208108069472765e-16,3.2497875194122136e-16,3.280248841401477e-16,3.2549929559680744e-16,3.2511266228893823e-16,-1.6596283972033848e-16,3.305455495089384e-16,3.284847086429692e-16,-1.5988895517413442e-16,-1.6015808871611445e-16,-1.5919839789080903e-16,-1.5668035821511035e-16,-1.547678582355419e-18,3.2549929559680744e-16,4.35173649355724e-18,-1.4807039617425373e-18,-1.6554732378845207e-16,-1.5988895517413442e-16,6.753946681081781e-19,6.854812073571068e-19,-0.1667978245819713,1.0,-0.16679782458197084,-0.16773162939297026,-0.1667978245819712,-0.16773162939296998,-0.16679782458196998,-4.225151109698851e-19,-4.555945858500897e-19,1.9013179993644818e-18,-9.826107651915288e-19,-1.4517378634926169e-18,-0.005480603657177622,-0.0003960288589110556,-0.003860515115737552,0.009049167617984416
Day_of_Week_Saturday,0.0009649974143635009,0.0009649974143635009,-0.0003715850911849904,-0.0018262394154091581,0.0005520136071707046,-0.0057167793500057405,0.005795036379915274,-0.002846164674781356,0.0033000597673624736,-0.004949716579950247,-0.0016736329887301548,0.006739991614280948,0.004266922967106505,0.6436429366813554,-0.044300814532674024,0.0016175704815296235,-0.008196730936131609,0.0005220875596804472,1.1325977923348306e-15,-3.001979857366952e-17,-1.0790929822593891e-15,3.80294251177556e-16,-6.437885187159183e-18,-9.262883380818181e-18,3.8019868959162824e-16,-7.407011477553563e-18,-4.919444539033594e-18,-1.0104484382405139e-17,-3.759267571779365e-16,-3.7971099598068755e-16,-3.783085473265152e-16,-3.760401129902096e-16,-9.117893388375613e-18,-3.80048427235826e-16,-3.745651693398164e-16,3.7937290568012615e-16,3.829376823579516e-16,3.7939366561086146e-16,3.7669520413787967e-16,8.065008143159291e-19,-3.783085473265152e-16,-3.436236267123072e-18,9.677199625317678e-19,-6.437885187159183e-18,3.7937290568012615e-16,5.853308270650514e-19,-2.1626860108652712e-18,-0.16586921850079853,-0.16679782458197084,1.0,-0.16679782458197207,-0.1658692185007979,-0.16679782458197126,-0.16586921850079778,6.93066001164116e-18,-9.586079519477538e-20,-2.594279945546793e-18,7.321651286530079e-19,4.7032174398318674e-18,-0.0037497430221067976,0.010678690996731653,-0.001604687012111408,-0.006813986553399169
Day_of_Week_Sunday,-0.0006469332521843201,-0.0006469332521843201,-7.855642319736945e-05,-0.003247108723267688,-0.0034604373868318025,-0.001385828013572419,-0.0018738467497832851,-0.005349229331659326,0.003170813545697418,0.0013141761926590435,0.003613987563413821,0.003863942763959948,0.002478339378795663,0.647246322231176,-0.020868395762438,-0.0027366156571927533,-0.00397031758573729,-0.00025030800145831137,-2.6868283290702773e-17,-6.903403432637714e-16,7.288795331218174e-16,-1.1958062766476174e-17,-2.353290562610335e-16,-2.3540126282107724e-16,-1.2470072919511886e-17,-2.3372869632116013e-16,-2.338166570397585e-16,-2.3001662271165153e-16,2.5231532129963067e-16,2.5388745503875983e-16,2.476255052248053e-16,2.470140469458916e-16,-2.339876553024069e-16,2.537194106808401e-16,2.5425275459025193e-16,-1.3769134577021716e-17,-1.3580084674362355e-17,-1.1877322703882076e-17,-1.1718468271786383e-17,2.9412348449872263e-18,2.476255052248053e-16,2.3509705681399987e-18,-7.911881386858621e-19,-2.353290562610335e-16,-1.3769134577021716e-17,-7.637527519287815e-19,3.516571043746051e-18,-0.16679782458197256,-0.16773162939297026,-0.16679782458197207,1.0,-0.16679782458197268,-0.16773162939297023,-0.16679782458197143,-7.728568222011416e-19,-1.9092119649608945e-18,2.396006510072993e-18,-1.1179358897014553e-18,1.7787735810582752e-18,-0.005480603657177604,-0.0003960288589109319,-0.0038605151157375885,0.009049167617984395
Day_of_Week_Thursday,-0.0003216658047875615,-0.0003216658047875615,0.0001554897819356335,0.0026345211979003228,-0.006902623531322594,0.005694978753263433,-0.004451912917321075,-6.057165174528944e-05,-0.009341052908357792,0.00639909314357956,-0.00230449707737328,-0.0012066759180407404,-0.0027423370080728975,-0.25770378116168935,0.003710891061669426,0.004042905332582893,0.0031865130624781587,0.0027461318844263964,8.977399915928777e-16,-1.7892173988488815e-15,8.930741164758676e-16,3.111346838278812e-16,-6.1398187149683145e-16,-6.145077897421463e-16,3.113291022268385e-16,-6.162634867415403e-16,-6.127165042900594e-16,-6.15087749711916e-16,3.030172213873609e-16,3.0194627257954704e-16,3.0591372600911067e-16,3.0926892624331533e-16,-6.141749718049471e-16,3.011026944416991e-16,3.047327166161239e-16,3.0873378136211715e-16,3.0932889937655124e-16,3.0879243640451373e-16,3.053759449462312e-16,-1.0155186044651098e-18,3.0591372600911067e-16,-2.204003481011037e-18,-1.2840821604126007e-19,-6.1398187149683145e-16,3.0873378136211715e-16,-4.767711996232286e-19,-9.118198558639675e-19,-0.16586921850079692,-0.1667978245819712,-0.1658692185007979,-0.16679782458197268,1.0,-0.1667978245819715,-0.16586921850079717,-1.1729738246667786e-18,1.5926478571730392e-19,6.295110487593903e-19,7.548094109824819e-19,-2.1689448424581714e-18,0.00675241080609333,0.0023743047003370278,-0.0016046870121111689,-0.006813986553399065
Day_of_Week_Tuesday,0.0006469332521836054,0.0006469332521836054,-0.0002466519249157759,0.0012956309032993683,0.007428037875721694,-0.00025249125307632566,0.006206007235296783,-0.0029691677660437597,0.0030454494045417395,-0.007117481829337293,0.002940751063306216,-0.002920385884050022,0.0024783393787957105,-0.25914651598910937,-0.020868395762437947,0.006461570144459974,0.007367635847167482,0.011711747748618991,-6.005206125299371e-16,7.354348890051739e-16,-1.3267387068871167e-16,-2.091876558321943e-16,2.5411457749125815e-16,2.5353692501091043e-16,-2.105805860177608e-16,2.529041329756196e-16,2.5445066620709667e-16,2.5579239537735977e-16,-4.306136671684906e-17,-4.875386934136917e-17,-4.31558916681787e-17,-4.767996086654034e-17,2.5146525316093458e-16,-4.5056893467142056e-17,-4.663756070882145e-17,-2.1013946957822252e-16,-2.0980075516929082e-16,-2.1257086138186852e-16,-2.1353974213299766e-16,-1.0974154702832965e-18,-4.31558916681787e-17,4.050754162369233e-18,1.2588000982661311e-19,2.5411457749125815e-16,-2.1013946957822252e-16,1.378224722973434e-18,-4.551046509116033e-19,-0.1667978245819716,-0.16773162939296998,-0.16679782458197126,-0.16773162939297023,-0.1667978245819715,1.0,-0.16679782458197,-8.420229969506577e-20,-1.593829244228031e-19,1.8193711184112413e-18,1.2720561703933135e-18,-2.1501658672132933e-18,0.0049797652028661455,-0.008667374455023063,-0.0038605151157375733,0.009049167617984317
Day_of_Week_Wednesday,-0.0009649974143606442,-0.0009649974143606442,-0.0003330549806916529,0.0031558639630781676,0.004512664758677936,0.004297250337478827,-0.0016879028250803272,-0.00011203240638782849,0.0037655224922249417,0.004450917988767418,-9.647276712235115e-05,-0.004612390574749536,-0.0027423370080726307,-0.25770378116168885,0.0037108910616694495,0.002270545249120917,0.008484375049252606,-0.002146765630014749,2.1441825748745506e-15,-1.1602260497023289e-15,-9.71354499255644e-16,7.382053427490812e-16,-3.985010399558179e-16,-4.004775171709782e-16,7.393797616878664e-16,-4.0344585774352845e-16,-3.9883847121095643e-16,-3.967756590457516e-16,-3.318919783822933e-16,-3.366064597956471e-16,-3.325332295761412e-16,-3.3118811787352653e-16,-4.0566420462789924e-16,-3.355941660302296e-16,-3.35723009409877e-16,7.385579320488856e-16,7.39241362149625e-16,7.365702510615809e-16,7.328743243451365e-16,-3.159976319677821e-18,-3.325332295761412e-16,-6.331294689983901e-19,-5.035060332469583e-19,-3.985010399558179e-16,7.385579320488856e-16,-1.997416130282186e-18,-2.1594454249714774e-18,-0.16586921850079697,-0.16679782458196998,-0.16586921850079778,-0.16679782458197143,-0.16586921850079717,-0.16679782458197,1.0,-6.233216115893325e-18,1.0310696554020688e-18,-1.2869500457251286e-18,-1.5269794384175565e-18,-3.8223548572152935e-18,0.006752410806093411,-0.005930081596057418,0.007418591494452792,-0.006813986553399065
Region_Central,5.2653923329026096e-05,5.2653923329026096e-05,0.0006180683260471935,-0.0020168828427579717,-0.0017223202879203166,-0.003527013436550876,0.0013290751412877398,0.00466611790851327,-0.00564990176249862,-0.0035245844047659828,0.0012829166527041267,4.686354766128846e-16,4.4410564497089e-16,4.343958987302002e-18,2.073304273829761e-17,-0.0026720542728020883,7.970737849541132e-17,5.859239389287192e-17,3.3036735689591813e-15,4.1983685260928564e-16,-3.724365094560951e-15,1.133202869542434e-15,1.4409417415341008e-16,1.4417244991945882e-16,1.132831059653704e-15,1.437833733176287e-16,1.4399748056005573e-16,1.456688983880349e-16,-1.2780222456460075e-15,-1.2773373326930838e-15,-1.276660477539602e-15,-1.2777620938353158e-15,1.4267485033667563e-16,-1.2773603549772138e-15,-1.2782409573452589e-15,1.1334330923837552e-15,1.1326204057538958e-15,1.1328506285952148e-15,1.1326537880658867e-15,-7.301571038962575e-19,-1.276660477539602e-15,-5.858237228935096e-19,-9.367519433707775e-19,1.4409417415341008e-16,1.1334330923837552e-15,-1.499935135910916e-19,-1.887654218212421e-18,3.0298049756836843e-18,-4.225151109698851e-19,6.93066001164116e-18,-7.728568222011416e-19,-1.1729738246667786e-18,-8.420229969506577e-20,-6.233216115893325e-18,1.0,-0.25000000000000167,-0.24999999999999992,-0.24999999999999978,-0.2500000000000012,1.8442795649917993e-16,1.5240640540281915e-16,-1.0393554662215579e-16,-2.2262019098716705e-16
Region_East,2.0683336356584748e-15,2.0683336356584748e-15,-0.0004033977098048294,0.004058792038625047,-0.004498266956776669,0.0045039729979604514,-0.0010171098801909047,-0.005208674611164938,-0.0004255780932618036,0.006998844780714758,-0.0042658946366003385,3.037329862854657e-16,3.0945735618612434e-16,-2.002749495489048e-18,-1.6424232519258333e-18,0.002378780023348307,6.6638230337481554e-18,2.005344232227251e-17,1.803389099906322e-15,-6.663876373071533e-17,-1.7364729030576143e-15,6.186470491726427e-16,-2.2664287613690035e-17,-2.3070918707170476e-17,6.186159690890651e-16,-2.376245056678363e-17,-2.2871488170877487e-17,-2.19287256356745e-17,-5.952080616979163e-16,-5.950086311616241e-16,-5.961093841216815e-16,-5.961508242331191e-16,-2.3561868916284077e-17,-5.952434584597692e-16,-5.958224689056867e-16,6.178720615330523e-16,6.180559520275549e-16,6.191287904681032e-16,6.193336887968776e-16,4.634233556705899e-19,-5.961093841216815e-16,-2.759314636817256e-20,-1.8607685884177834e-19,-2.2664287613690035e-17,6.178720615330523e-16,1.9456705772429338e-19,-1.733415605180072e-19,3.774047054912413e-21,-4.555945858500897e-19,-9.586079519477538e-20,-1.9092119649608945e-18,1.5926478571730392e-19,-1.593829244228031e-19,1.0310696554020688e-18,-0.25000000000000167,1.0,-0.2500000000000005,-0.2500000000000006,-0.24999999999999975,1.7502242205522956e-16,2.2335024292115916e-16,-1.5277745253605013e-16,-2.4127206047484106e-16
Region_North,-5.2653923322175457e-05,-5.2653923322175457e-05,-7.334834072267122e-05,-0.002543039302708955,0.0011460715041324771,-0.0004358071434764444,-0.004164961830368814,-0.006371947445420402,0.006787680232107985,-0.0010623134074883268,0.007776206459337318,4.2429180591935335e-16,4.3181048885874016e-16,-9.220117141237452e-20,3.218979856031782e-17,-0.0035681700350224045,2.55183984442645e-16,3.4364186002074296e-17,2.2812049994466543e-15,-1.2837210720997114e-16,-2.153607020130404e-15,7.827188103815445e-16,-4.3821191173841153e-17,-4.397285047056036e-17,7.8241606734521e-16,-4.4357610394115346e-17,-4.3669244098570286e-17,-4.304764242700792e-17,-7.376198824383848e-16,-7.383816322646014e-16,-7.381096815332913e-16,-7.385804872437898e-16,-4.490697964921378e-17,-7.3891114479963505e-16,-7.393220925713893e-16,7.827392426587127e-16,7.828673041141953e-16,7.824839830833983e-16,7.827280192951969e-16,-1.3513566554669099e-19,-7.381096815332913e-16,-1.3322537079812537e-18,4.917240186123036e-19,-4.3821191173841153e-17,7.827392426587127e-16,9.473646919739222e-19,-1.0704725757703867e-18,-2.2712215176462882e-18,1.9013179993644818e-18,-2.594279945546793e-18,2.396006510072993e-18,6.295110487593903e-19,1.8193711184112413e-18,-1.2869500457251286e-18,-0.24999999999999992,-0.2500000000000005,1.0,-0.24999999999999745,-0.2499999999999982,3.445058958133787e-16,-3.460579536255346e-17,-2.517237624107477e-16,-5.6911049439005076e-18
Region_South,-2.6326961659710642e-05,-2.6326961659710642e-05,-0.00025090540590106043,-0.00033589587185423714,0.004345010980589434,-0.0006904287875646034,0.003672037381143747,0.002586425769780242,0.002260209581078103,-0.0015528003684266293,-0.0044233077228218376,3.9860872674884863e-16,3.942737340400724e-16,8.58988128601362e-19,1.449611773353704e-17,0.0019714546768845854,1.0321360571180004e-16,3.4893219655385995e-17,2.4580909858003052e-15,-2.160208362183737e-16,-2.242114896859015e-15,8.433491467572191e-16,-7.37055548698597e-17,-7.380886736990187e-17,8.43446415907677e-16,-7.487738913217545e-17,-7.423967186172066e-17,-7.288365932634939e-17,-7.697739555712609e-16,-7.695115015321578e-16,-7.696217207174379e-16,-7.691117771239156e-16,-7.482386232156864e-17,-7.691017048746081e-16,-7.69379123398397e-16,8.430161869729621e-16,8.435566350929579e-16,8.433376356151525e-16,8.431019449813517e-16,5.023367672154478e-20,-7.696217207174379e-16,-5.306374301571639e-20,3.749837839777277e-20,-7.37055548698597e-17,8.430161869729621e-16,2.299428864014373e-19,-2.7380891396109674e-19,1.0099349918945603e-18,-9.826107651915288e-19,7.321651286530079e-19,-1.1179358897014553e-18,7.548094109824819e-19,1.2720561703933135e-18,-1.5269794384175565e-18,-0.24999999999999978,-0.2500000000000006,-0.24999999999999745,1.0,-0.24999999999999828,2.347614608763234e-16,1.3031886091402296e-16,-1.5491239870392226e-16,-1.9013031063761718e-16
Region_West,2.6326961665275632e-05,2.6326961665275632e-05,0.00010958313038380771,0.0008370259786957049,0.0007295047599736125,0.00014927636963145847,0.00018095918812605714,0.004328078378290368,-0.002972409957423392,-0.000859146600032759,-0.00036992075262057126,2.771008561894234e-16,2.688567232206713e-16,4.631649984177337e-18,2.6360802273190314e-17,0.0018899896075918502,1.622844453225493e-16,3.9117821727484095e-17,2.2092715141537674e-15,3.523915192089472e-16,-2.5614314662037414e-15,7.577223653852917e-16,1.2095505192949912e-16,1.1988940795274196e-16,7.57280337529959e-16,1.200318583358081e-16,1.2049000179003375e-16,1.2195191683241222e-16,-8.789893692647834e-16,-8.785792848286843e-16,-8.775568076346726e-16,-8.78679143986105e-16,1.2088109284172508e-16,-8.785010090626344e-16,-8.783939554414198e-16,7.572627830383089e-16,7.573088276065714e-16,7.575335826554093e-16,7.574780413949411e-16,-1.740490770915503e-19,-8.775568076346726e-16,-3.459756044624724e-19,-4.69791004832476e-19,1.2095505192949912e-16,7.572627830383089e-16,-1.0400493631080441e-19,-9.898156863865013e-19,2.644097366671644e-18,-1.4517378634926169e-18,4.7032174398318674e-18,1.7787735810582752e-18,-2.1689448424581714e-18,-2.1501658672132933e-18,-3.8223548572152935e-18,-0.2500000000000012,-0.24999999999999975,-0.2499999999999982,-0.24999999999999828,1.0,1.7882607364338205e-16,-2.388353438545991e-17,-1.9583908587136296e-17,-1.1000766572325371e-16
Season_Festive,0.08554775770776431,0.08554775770776431,-0.0004922253262075077,0.278581041848692,-0.006023029150758812,0.2803103206020563,-0.0013703560907491808,0.0021546853076429276,0.005461847236306226,0.21280160486398886,-0.14911377359133263,0.5153643725026205,0.5978211221563984,-0.007153011300425671,0.10484825968092992,-0.0021817537430333907,0.8112701031842856,0.0007821175783039755,-1.521625690249852e-15,-4.540804284627984e-16,1.7681275400209425e-15,-6.449653640378933e-16,1.0357631711783693e-16,6.82401091906645e-17,-8.984580862650747e-16,-2.105694092266136e-18,8.840272438611638e-17,5.6123029757218e-18,4.0033656124646303e-16,5.261793354068128e-16,4.966236760616188e-16,2.9546120282379393e-16,2.0412297849289392e-16,4.1996418628476846e-16,4.3544401689063113e-16,-6.863581050828163e-16,-7.440793137457157e-16,-9.792283255702356e-16,-7.94749024907437e-16,1.0358745575566856e-16,4.966236760616188e-16,5.646747390332751e-17,1.571070846503864e-17,1.0357631711783693e-16,-6.863581050828163e-16,1.3699434192944353e-17,-7.916413483534446e-17,-0.003749743022106953,-0.005480603657177622,-0.0037497430221067976,-0.005480603657177604,0.00675241080609333,0.0049797652028661455,0.006752410806093411,1.8442795649917993e-16,1.7502242205522956e-16,3.445058958133787e-16,2.347614608763234e-16,1.7882607364338205e-16,1.0,-0.31681205721257044,-0.2595891386300376,-0.2567610906083625
Season_Monsoon,0.03298408492138355,0.03298408492138355,-0.00014501706420371206,-0.266164540693068,0.0011829156918048123,-0.26805338327809564,-0.0006834592496753037,-0.009044282446849645,-0.0021093564077637517,-0.20279157787447263,0.1792742471885161,0.20112529497117035,0.156196416898232,0.0079484196963257,-0.08315011733739104,-0.0006171897393658794,-0.7745394834598796,0.0012368903761432373,-1.3823156923030255e-15,-1.916770695104837e-15,3.5436591592850102e-15,-4.810745027566319e-16,-4.789459085198429e-16,-7.076643356822605e-16,-5.157300674122537e-16,-8.172322593919414e-16,-6.789165964531034e-16,-5.942610366688575e-16,7.88374184773452e-16,8.220176907472249e-16,8.304241733534803e-16,7.89812938722034e-16,-7.539295267027556e-16,8.940071384031982e-16,9.135843468654132e-16,-4.792422518000566e-16,-5.874358652398842e-16,-5.527812770036373e-16,-5.520621441341899e-16,-2.0139171610558552e-16,8.304241733534803e-16,-5.927310254748798e-17,-1.4762132278968657e-16,-4.789459085198429e-16,-4.792422518000566e-16,1.5747266666977615e-16,-8.792331914764526e-17,0.0023743047003370295,-0.0003960288589110556,0.010678690996731653,-0.0003960288589109319,0.0023743047003370278,-0.008667374455023063,-0.005930081596057418,1.5240640540281915e-16,2.2335024292115916e-16,-3.460579536255346e-17,1.3031886091402296e-16,-2.388353438545991e-17,-0.31681205721257044,1.0,-0.41053073889349245,-0.4060582842673416
Season_Summer,-0.0710017318875754,-0.0710017318875754,0.0002586766013103212,0.048340325005392155,0.001984787381823999,0.05533176131529731,0.0017285835463216334,0.0061594497362273655,-0.0010983785481536393,0.04228125386194857,-0.05089400865636065,-0.42366729599496156,-0.4383262369093339,-0.004237132068630732,0.018661748325394904,0.0025345660277913207,0.14999119696774407,0.006471995773155919,6.002652097846505e-16,5.835569795548589e-16,-1.2578704262196677e-15,5.428663503255698e-16,-1.3731556555545352e-16,-1.1687803568678213e-16,5.667896176969552e-16,-1.4516391228390338e-17,-1.1124176100007815e-16,-1.8963398694376807e-16,-3.827248006165641e-16,-4.721781824783539e-16,-4.561701014222909e-16,-2.163838792250927e-16,-5.489333690165655e-18,-4.721781824783532e-16,-4.489034182415084e-16,6.266879665204052e-16,6.498033236472854e-16,4.469780668085282e-16,5.844678927154715e-16,7.686188130727104e-17,-4.561701014222909e-16,4.0680997254189914e-17,1.6138001954748137e-16,-1.3731556555545352e-16,6.266879665204052e-16,-3.7687877475449264e-17,1.2337587560303727e-16,0.007418591494452839,-0.003860515115737552,-0.001604687012111408,-0.0038605151157375885,-0.0016046870121111689,-0.0038605151157375733,0.007418591494452792,-1.0393554662215579e-16,-1.5277745253605013e-16,-2.517237624107477e-16,-1.5491239870392226e-16,-1.9583908587136296e-17,-0.2595891386300376,-0.41053073889349245,1.0,-0.332715620655268
Season_Winter,-0.03854979601938385,-0.03854979601938385,0.0003235760381933174,0.001521541897426776,0.00191525823927218,-0.004938641606810508,0.00019248154836833822,0.0018264959910013344,-0.0013095551817964286,-0.004796347752685044,-0.01587030363681878,-0.23896865866586942,-0.2463774584852622,0.0017559900995960105,-0.018498597768083287,1.0637706778818871e-05,-0.005461409930492938,-0.008534624688468726,-1.1061435626547696e-16,8.623349907151932e-16,-7.048689812635661e-16,2.4551957812370604e-16,3.269896201889137e-17,1.6821638147301673e-16,1.4487948687803841e-16,1.9247924171566495e-16,6.765523199915463e-17,2.2389593333305885e-16,-2.7880740308904383e-16,-3.545893704614185e-16,-3.7102419392687e-16,-3.7379142306288095e-16,1.092554121795241e-16,-3.4148076921881914e-16,-4.0731180622083465e-16,8.704930512663237e-17,1.4578838403450754e-16,2.3390873698402124e-16,2.256177173829896e-16,5.5368422577137e-17,-3.7102419392687e-16,-2.12519695013283e-17,-1.4621711707997632e-17,3.269896201889137e-17,8.704930512663237e-17,-1.4794549519936149e-16,4.2532789016788994e-17,-0.0068139865533990195,0.009049167617984416,-0.006813986553399169,0.009049167617984395,-0.006813986553399065,0.009049167617984317,-0.006813986553399065,-2.2262019098716705e-16,-2.4127206047484106e-16,-5.6911049439005076e-18,-1.9013031063761718e-16,-1.1000766572325371e-16,-0.2567610906083625,-0.4060582842673416,-0.332715620655268,1.0
